Name,Mesh1,Mesh2,MatchHair1,MatchHair2,ID
号角 , D003003, , , ,1
腰鼓 , D003001, , , ,2
竹筒 , D003013, , , ,3
猪腿 , D003015, , , ,41
木鱼 , D003014, , , ,4
竹筒 , D003012, , , ,6
酒坛 , D003006, , , ,57
清萧 , D004008, , , ,8
真红 , D016006, , , ,9
笛子 , D004007, , , ,10
鱼篓 , D003005, , , ,11
金甲木鱼 , D003014, , , ,53
蓬莱仙露 , D003018, , , ,14
神牛葫芦 , D003020, , , ,15
绣花鼓 , D003024, , , ,16
秋剑 , D016016, , , ,17
酒坛 , D003007, , , ,19
腰刀 , D016015, , , ,20
血魔铃 , D003010, , , ,21
木鱼 , D003016, , , ,22
破损不堪的装备 , D003019, , , ,23
破损不堪的装备 , D003021, , , ,24
破损不堪的装备 , D003026, , , ,25
断水流 , D016011, , , ,26
红莲 , D016014, , , ,27
灯笼 , D003009, , , ,40
箭囊 , D016023, , , ,38
香囊 , D003027, , , ,12
水囊 , D003004, , , ,13
手帕 , D003028, , , ,39
烟斗 , D008006, , , ,28
铃铛 , D008028, , , ,29
玄武腰刀 , D016002, , , ,30
白虎腰刀 , D016003, , , ,31
青龙腰刀 , D016007, , , ,32
朱雀腰刀 , D016004, , , ,33
麒麟腰刀 , D016005, , , ,34
卷轴 , D003026, , , ,35
高僧览 , D008022, , , ,36
药囊 , D003019, , , ,23
悦 , D003024b, , , ,51
卿 , D016012, , , ,5
绝 , D003026, , , ,25
葫芦 , D003021, , , ,24
铩 , D003032, , , ,50
黄龙剑谱 , D003056, , , ,55
虬雷重剑 , D016063, , , ,54
伯氏埙 , D003057, , , ,56
碧麟 , D003059, , , ,42
赤鳍 , D003058, , , ,52
六阳葫芦 , D003017b, , , ,58
暖羽 , D002014, , , ,59
望乡 , D003009b, , , ,60
瀚海雄风・囊 , D003070, , , ,61
铁血丹心・囊 , D003069, , , ,62
渔・忘湖 , D003005b, , , ,63
黄粱・美蕉 , D008073, , , ,74
幽魂曲 , D003082, , , ,75
天字・葬魂刺 , D003071, , , ,76
天字・逐莲挂 , D003097, , , ,77
天字・青丝须 , D003098, , , ,78
天字・屠臻鼎 , D003100, , , ,79
天字・镰突勾 , D003101, , , ,80
莲花葫芦 , D003064, , , ,81
龙牙刺 , D003084, , , ,82
引魂笛 , D003095, , , ,83
灵犀角 , D003096, , , ,84
灵蝠暗翼 , D003092, , , ,85
血胴 , D003073, , , ,86
鬼面 , D003043, , , ,87
阴阳坠 , D003038, , , ,88
牵魂索 , D003091, , , ,89
檀墨坠 , D003039, , , ,90
三秋 , D003099, , , ,91
参与商 , D003083, , , ,92
西山秘宝・琼霄仙酿 , D003018c, , , ,130
战无不胜・刃 , D003078, , , ,94
攻无不克・刃 , D003077, , , ,93
帝俊号角 , D003034, , , ,95
京衙卫佩包 , D003029, , , ,37
天字・铭心锤 , D007098, , , ,18
天字・草篓 , D003002, , , ,44
天字・酒须醉 , D003011, , , ,45
天字・连城角 , D003003, , , ,46
天字・惬意醺 , D003008, , , ,47
隐元秘宝・风骨霸刀 , D016022, , , ,48
隐元秘宝・孟秋叶刃 , D016022, , , ,48
隐元秘宝・子虚吴钩 , D016022, , , ,48
隐元秘宝・乌有越兵 , D016022, , , ,48
隐元秘宝・梦回吹角 , D003003C, , , ,49
结义酒 , D003006, , , ,7
玉脂紫阳瓶 , D003019c, , , ,96
洞天壶 , D003004c, , , ,97
真黄之眼 , D003026c, , , ,98
迷经之卷 , D003076, , , ,99
碧血 , D003090, , , ,100
碧玉圣蛇 , D003079, , , ,101
马牌 , D003104, , , ,102
团圆 , D003105, , , ,103
清音幽韵 , D003008c, , , ,104
犹梦婆娑 , D003025c, , , ,105
斩思 , D003106, , , ,106
双鱼佩 , D003054, , , ,108
大福元宝 , D003052, , , ,109
碧海亮银壶 , D003111, , , ,110
双凰灿金佩 , D003110, , , ,111
天魅破煞 , D003108, , , ,112
白骨哀 , D003109, , , ,113
震日 , D003112, , , ,114
碧落青冥・龙威佩剑 , D003115, , , ,115
苍天鹤血・虎怒佩剑 , D003116, , , ,116
金钱令 , D003010b, , , ,117
激焰 , D003044, , , ,118
九幻黑莲 , D003119, , , ,119
七杀刀 , D003035, , , ,120
玲珑佩 , D003120, , , ,121
唯希法水 , D003117, , , ,122
澄心启明 , D003118, , , ,123
剑胆琴心・丹阳令 , D003121b, , , ,127
风涛豪情・昭天令 , D003121, , , ,126
名满天下・君霸之令 , D003122, , , ,124
龙涎沉香 , D003123, , , ,125
沧海行 , D004007b, , , ,128
战旗・一统江湖 , D003125, , , ,129
金坠红绫帕 , D003028b, , , ,131
醉逍遥 , RH_flagon_034, , , ,132
独步天下・剑分四野 , D016070b, , , ,133
傲世天下・迷心腥玉  , D003126, , , ,134
雪渊龙吟・皇拥风云 , D003128, , , ,135
连城赤心・武尊威隆 , D003128b, , , ,136
斩逆 , D003134, , , ,142
柔银蓝绫巾 , D003133, , , ,137
守贞匕 , D003130, , , ,138
碧玉金玲牙梳 , D003129, , , ,139
天地和 , D003132, , , ,140
乾坤莫测 , D003131, , , ,141
天工匙・坤 , D003136, , , ,152
天工匙・乾 , D003136, , , ,153
鹊鸣乐・素银 , D003137, , , ,154
鹊鸣乐・鎏金 , D003137, , , ,155
金铃流离鞭 , D003138, , , ,156
边城角 , D003003b, , , ,157
行军急 , D003004b, , , ,158
运财童子 , D003041, , , ,159
青釉梨花瓶 , D003127, , , ,160
凤翼云箫 , D004008c, , , ,161
奇缘 , D003024c, , , ,162
慈竹净意筒 , D003144, , , ,163
纵贯线 , D003143, , , ,164
云湛重楼 , D003142, , , ,165
独乐咏 , D003025d, , , ,166
咸鱼 , D003145, , , ,167
栖鹤流云砚 , D003146, , , ,168
觅影瓶 , D003019b, , , ,169
黄泉・不知名 , D005216b, , , ,170
金钱令 , D003010b, , , ,117
血雨横空牌 , D003141, , , ,171
扬沙万里 , D003151, , , ,172
鬼神爵 , D003149, , , ,173
礼天地壶 , D003150, , , ,174
困山河 , D002010, , , ,175
四海归一・流年 , D003139, , , ,177
血战黄泉・流年 , D003139, , , ,176
招财进宝 , D003148b, , , ,179
暗香 , D003160, , , ,178
凝香・萝 , D003161, , , ,180
凝香・萝・残 , D003161b, , , ,181
英雄寞 , D003162, , , ,182
镇戾 , D003147, , , ,183
柔巾环铃佩 , D003171, , , ,184
画扇忆素心  , D002021, , , ,187
醒灵居笼中  , D003002b, , , ,188
洞庭卷 , D003026b, , , ,185
扣舷鼓 , D003025, , , ,189
北谢囊 , D003117, , , ,186
弦歌瓶 , D003018b, , , ,190
银心铃 , D003010e, , , ,191
缘 , D003172, , , ,192
渔歌唱晚 , D003174, , , ,193
神农铲 , D003175, , , ,194
威震诸侯・追魂碧刺 , D003140, , , ,204
赤胆横戈・索命血牙 , D003140, , , ,205
暖木囊 , D003178, , , ,195
暄吏 , D003176, , , ,196
画角惊梦 , D003046, , , ,197
君须记 , D003114, , , ,198
八荒金刀 , D016033, , , ,199
翠羽惊凤  , D003182, , , ,200
匙为天  , D003180, , , ,201
圣祭玄火令 , D003179, , , ,202
七煞 , D003177, , , ,203
喙朝天 , D003186, , , ,207
应有骨 , D003185, , , ,208
珠盏映粉蕊 , y_腰部挂件01hd, , , ,206
白翅飞燕 , D003188, , , ,209
雕金盏 , D003187, , , ,210
侠客 , D003042, , , ,211
暗泽雅布 , D003189, , , ,212
算尽乾坤 , D003190, , , ,213
剑啸青穹・乘阳帝令 , D003193, , , ,216
威破赤霄・载阴狱符 , D003193, , , ,217
彼岸长亭 , D003191, , , ,218
流萤化玉 , D003192, , , ,219
天佑此缘剑 , D003168, , , ,220
侠客令 , D003029c, , , ,221
誉满天下・坤化六腹 , D003194, , , ,222
贪狼 , D003177b, , , ,214
圣影令 , D003179b, , , ,215
慈竹净意筒 , D003144, , , ,163
暗香 , D003160, , , ,178
英雄寞 , D003162, , , ,182
六阳葫芦 , D003017b, , , ,58
溯回 , D003197, , , ,223
丑丑的糖葫芦 , D003198, , , ,224
浮世・牵缘梭 , D003195, , , ,225
星河・风花落 , D003196, , , ,226
凡尘忆 , D003134b, , , ,227
枫之华 , D003204, , , ,234
泥人・丢丢 , D003205, , , ,235
小轮胡马 , D003152, , , ,228
长相依 , D003203, , , ,229
枯纭观镜 , D003200, , , ,230
长相忆 , D004008b, , , ,231
无无的折扇 , D002008b, , , ,232
景光 , D016054, , , ,233
君心问情 , D003171, , , ,236
香雪流霞 , D003169, , , ,237
舞风 , D003208, , , ,238
芭蕉语 , D003211, , , ,240
寻芳蕊 , D003215, , , ,241
照月 , D003009c, , , ,239
威震天下・冰黄玉斧 , D003164, , , ,259
轻烟绕梁 , D003217, , , ,242
卷云不散 , D003216, , , ,243
满壶冰 , D003181, , , ,244
霸之肘 , D003015c, , , ,245
一生 , D003226, , , ,253
糖醋鱼骨头 , D003214, , , ,246
熹光・远方 , D003212, , , ,252
麒麟铲 , D003213, , , ,247
冠世风流・往生千魂 , D003209, , , ,251
烽火八方・往生千魂 , D003209, , , ,250
一剪尘缘 , D003167, , , ,248
寒露 , D003199, , , ,249
灵女泪 , D003219, , , ,254
农趣 , D003221, , , ,256
余香 , D003220, , , ,257
赤鸾腰刀 , D016041, , , ,258
大笑蒲扇 , D002012b, , , ,255
玉角岚音 , D003227, , , ,260
莲舞心上 , D003224, , , ,261
金寿卧虹 , D003233, , , ,262
芙茵锦绣 , D003234, , , ,263
檀郎轻羽 , D003237, , , ,264
金风玉露 , D003238, , , ,265
迷津渡・重明 , D003236, , , ,266
紫茸清歌 , D003235, , , ,267
东风凝露 , D003241, , , ,268
嫣满京洛 , D003239, , , ,269
暗香漫卷 , D003240, , , ,270
灵微秉幽 , D016068, , , ,271
曲珑清花囊 , D003245, , , ,272
纹革桐木鼓 , D003231, , , ,273
焰宫夜明 , D003244, , , ,274
碧玉照 , D003242, , , ,275
蚀月 , D003248, , , ,276
诛邪穿云箭 , D003246, , , ,277
摩珠弯刀 , D003223, , , ,278
清枝长明 , D003243, , , ,279
闻笙清笛 , D003222, , , ,280
凤翥北斗 , D003251, , , ,281
穹苍白羽 , D003252, , , ,282
醉逍遥 , RH_flagon_034, , , ,132
雾莲刻 , D003254, , , ,283
香宵铃 , D003253, , , ,284
相思锦年・青荷洗心 , D016053, , , ,285
蛙鸣霜夜 , D003256, , , ,286
清海抛香 , D003255, , , ,287
穷绝 , D003260, , , ,288
沧海奔流・银华盏 , D003261b, , , ,290
覆雨翻云・银华盏 , D003261, , , ,289
冷香卷豹壶 , D003262, , , ,291
月弧 , D003263, , , ,292
红红火火 , D003264, , , ,293
冰天雪莲 , D003265, , , ,294
月光 , D003020d, , , ,295
林花飞声 , D003266, , , ,296
黄龙瞳 , D003257, , , ,297
鹰扬卷轴 , D003269, , , ,298
刺血濡缕 , D003258, , , ,299
落瓶悬音 , D003259, , , ,300
沧海行 , D004007b, , , ,128
奇缘 , D003024c, , , ,162
侠客令 , D003029c, , , ,221
墨忧饮 , D003268, , , ,301
狐绒凤翎 , D003267, , , ,302
夜雾蛇曲 , D003271, , , ,303
遗墨 , D003270, , , ,304
长映朱颜 , D003276, , , ,305
白胧 , D003272, , , ,306
几多哀 , D003273, , , ,307
清风徐来 , D003280, , , ,308
沧海填盈 , D003280b, , , ,309
星汉临空 , D003280c, , , ,310
人间琢玉 , D003280d, , , ,311
轻烟绕梁 , D003217, , , ,242
鸳鸯埙 , D008133, , , ,312
龙别浪 , D003274, , , ,313
小饮 , D003275, , , ,314
文韬武略・金鲤螺纹镜 , D003277, , , ,315
海晏河清・苍龙鸣月 , D003279, , , ,316
桀骜不驯・苍龙鸣月 , D003279b, , , ,317
鹤鸣映扇 , D003281, , , ,318
醉卧花阴 , D003282, , , ,319
鹤影天青・瑶池月 , D003284, , , ,320
鹤影天青・碧宵羽 , D003287, , , ,321
坠星 , D003285, , , ,322
步光阴 , D003286, , , ,323
入松烟 , D003288, , , ,324
盘蛟腾羽 , D003290, , , ,325
镜心 , D003289, , , ,326
峦羽 , D003283, , , ,327
长生杵 , D003304, , , ,328
倦寻芳 , D003291, , , ,329
醉殷歌 , D003292, , , ,330
帝刃 , D003293, , , ,331
弦环 , D003294, , , ,332
茱萸香角 , D003303, , , ,333
揽青江 , D003297, , , ,334
战九寰 , D003302, , , ,335
长相依 , D003203, , , ,229
焰蕊凝芳 , D003317, , , ,336
惊春 , D003301, , , ,337
闻笛赋 , D003298, , , ,338
沐心火 , D003307, , , ,339
碧血丹心・龙狮鹰爪 , D003295, , , ,340
九州纵横・骁狼虎齿 , D003295, , , ,341
拭剑江山・贤绝 , D003296, , , ,342
归去来 , D005278, , , ,343
守心石 , D003309, , , ,344
小粥 , D003329, , , ,345
琉璃月 , D003310, , , ,346
缥雨垂香 , D003311, , , ,347
桃木符・神荼 , D003305, , , ,348
桃木符・郁垒 , D003306, , , ,349
蚩尤盏 , D003321, , , ,350
清烟点云 , D003322, , , ,351
繁湘素心 , D003010c, , , ,352
醉挑金枝 , D003318, , , ,353
夜笼纱 , D003319, , , ,354
涟漪泠 , D003320, , , ,355
燕衔春 , D003325, , , ,356
金露含烟 , D003324, , , ,357
念别离 , D003326, , , ,358
狼绒绒 , D003342b, , , ,359
兔团团 , D003343b, , , ,360
轻语春风・朝云 , D002029_close, , , ,361
轻语春风・暮雨 , D002029b_close, , , ,362
枕戈待战・蟠龙铃 , D003323, , , ,363
万里长风・震宇 , D003338, , , ,364
剑鸣八荒・慑川 , D003338, , , ,365
灭鬼魅 , D003341, , , ,366
霜荷凝玉 , D003308, , , ,367
故梦幽 , D003333, , , ,368
亢龙锏・玄机 , D003349, , , ,369
念乾坤 , D003327, , , ,370
载酒行 , D003334, , , ,371
丹玉凝心 , D003352, , , ,372
无缺 , D003356, , , ,373
云舒琼佩 , D003330, , , ,374
闲花戏浪 , D003331, , , ,375
云饮流霞 , D003332, , , ,376
暗星杳冥 , D003328, , , ,377
茱萸长念 , D003357, , , ,378
蜃梦海音 , D003390, , , ,379
无咎砚 , D003225, , , ,380
逆施乾坤 , D003232, , , ,381
雪林小趣 , D003382, , , ,387
月中游 , D003381, , , ,388
醉涛饮海 , D003385, , , ,389
九目篪 , D003384, , , ,390
破阵踏霄・八腕目须 , D003398, , , ,391
鲸波荡世・霜绝 , D003314, , , ,446
醉解敌颅・飞炎 , D003314, , , ,447
无颜假面 , D003358, , , ,395
青云绢 , D003359, , , ,396
胭玉 , D003360, , , ,397
永王令 , D003361, , , ,398
幻羽银佩 , D003362, , , ,399
毒草笼 , D003002c, , , ,400
金丝玉珠 , D003364, , , ,401
贝芙 , D003365, , , ,402
牛头腰饰 , D003366, , , ,403
祭祀之石 , D003367, , , ,404
e字佛珠 , D003368, , , ,405
泣血石 , D003369, , , ,406
仙葵瓶 , D003370, , , ,407
守剑令 , D003371, , , ,408
阴阳符腰环 , D003372, , , ,409
风炎晶 , D003373, , , ,410
精致轮盘 , D003374, , , ,411
贪狼牙坠 , D003375, , , ,412
熔断之锤 , D003376, , , ,413
名酿葫芦 , D003377, , , ,414
峨眉刺 , D003378, , , ,415
龙渊翡翠 , D003380, , , ,416
青竹刺 , D003379, , , ,417
蚀月・鸿 , D003248b, , , ,418
断水流・鸿 , D016011b, , , ,419
绝・鸿 , D003026d, , , ,420
腰鼓・鸿 , D003001c, , , ,421
秋剑・鸿 , D016016b, , , ,422
号角・鸿 , D003003d, , , ,423
卿・鸿 , D016012b, , , ,424
腰刀・鸿 , D016015b, , , ,425
悦・鸿 , D003024d, , , ,426
药囊・鸿 , D003019d, , , ,427
木鱼・鸿 , D003016b, , , ,428
木鱼・鸿 , D003014b, , , ,429
圣祭玄火令・鸿 , D003179c, , , ,430
七煞・鸿 , D003177c, , , ,431
礼天地壶・鸿 , D003150b, , , ,432
鬼神爵・鸿 , D003149b, , , ,433
觅影瓶・鸿 , D003019e, , , ,434
困山河・鸿 , D002010b, , , ,435
独乐咏・鸿 , D003025e, , , ,436
云湛重楼・鸿 , D003142b, , , ,437
纵贯线・鸿 , D003143b, , , ,438
碧玉金玲牙梳・鸿 , D003129b, , , ,439
白骨哀・鸿 , D003109b, , , ,440
天魅破煞・鸿 , D003108b, , , ,441
震日・鸿 , D003112b, , , ,442
九幻黑莲・鸿 , D003119b, , , ,443
激焰・鸿 , D003044c, , , ,444
铩・鸿 , D003032b, , , ,445
观澜 , D003399, , , ,392
渡夜 , D003400, , , ,393
浪语 , D003401, , , ,394
坠红 , D003345, , , ,382
孤泊 , D003351, , , ,383
贯白虹・千重 , D003403, , , ,384
贯白虹・烛影 , D003403, , , ,385
贯白虹・古道 , D003403, , , ,386
稻见飞莺 , D003388, , , ,448
鸾歌幽篁 , D003397, , , ,449
断狼环佩 , D003387, , , ,450
翡枝生弦 , D003395, , , ,451
鎏金小暖炉 , D003354, , , ,452
守贞匕・鸿 , D003130b, , , ,453
绮罗 , D003404, , , ,454
长安一念 , D003355, , , ,455
h绒鼓 , D003396, , , ,456
沁花铃 , D003408, , , ,457
小丰 , D003409, , , ,458
椒柏绫 , D003407, , , ,459
金乌彤日 , D003406, , , ,460
灵微秉幽 , D016068, , , ,271
闻笙清笛 , D003222, , , ,280
弦月化i , D003405, , , ,461
紫棠蝶鸢 , D003344, , , ,462
月下棠 , D003410_HD, , , ,463
镂云纹羽・钩新月 , D003416_HD, , , ,464
寒刃隐锋 , D003249, , , ,465
莲华鎏金炉 , D003412, , , ,466
风露钩 , D003418, , , ,467
暮琅 , D003421, , , ,468
小邪子的福娃娃 , D008016, , , ,45
小悟空 , D005137, , , ,62
破损不堪的装备 , D016017, , , ,4
破损不堪的装备 , D005046, , , ,5
破损不堪的装备 , D003022, , , ,6
破损不堪的装备 , D004012, , , ,7
红竹背箱 , D005045, , , ,8
弓 , D016018, , , ,9
琴 , D005047, , , ,10
葫芦 , D005034, , , ,25
曼罗琴 , D004012, , , ,11
书箱 , D005045, , , ,44
蓑衣 , D005042, , , ,12
沽 , D004005, , , ,13
金粉玉颜 , D005152c, , , ,61
屠狼箭 , D016019, , , ,20
珠玑 , D008013, , , ,2
胡琴 , D004002, , , ,21
风筝 , D005051, , , ,28
大红花 , D005053, , , ,26
风车 , D005052, , , ,27
琴 , D004005, , , ,14
书箱 , D005005, , , ,22
娃娃 , D008016, , , ,1
包裹 , D005006, , , ,15
冷月伞 , D001001, , , ,17
烟雨伞 , D001002, , , ,18
画篓 , D005008, , , ,19
锅铲 , D005010, , , ,24
拂尘 , D003022, , , ,6
 , D016017, , , ,4
霸王钳 , D005106, , , ,40
霸王弩 , D005105, , , ,39
潺 , D005046, , , ,5
焰 , D005316, , , ,41
画卷 , D003023, , , ,30
食 , D005075, , , ,42
龙鸣笙 , D005112, , , ,53
孟秋砚 , D005113, , , ,54
飞狐 , D005101, , , ,43
佑安 , D008066, , , ,48
祥枕 , D008067, , , ,47
福燕 , D005092, , , ,49
徊 , D005057, , , ,50
剑归 , D005109, , , ,51
鳍趣 , D008065, , , ,52
瀚海雄风・弓 , D005133, , , ,55
铁血丹心・弓 , D005132, , , ,56
夺命三千 , D005060, , , ,57
渔・临渊 , D005161, , , ,58
踏尽・葫芦 , D005157, , , ,59
纸鸢 , D005094, , , ,60
盘龙碧 , D005159, , , ,64
千蛛刺 , D005153, , , ,65
天字・冥鹫轮 , D005164, , , ,63
黑天 , D005127, , , ,67
霜刃残 , D005128, , , ,68
剑流星 , D005154, , , ,69
牛角盾 , D005143, , , ,70
玲珑甲 , D005158, , , ,71
星辰 , D005177, , , ,72
灵符葫芦 , D005117, , , ,73
蛮衣 , D005147, , , ,74
青葫篓 , D005145, , , ,75
乾元葫芦 , D005126, , , ,66
端 , D005178, , , ,82
西山秘宝・花无缺 , D005053c, , , ,136
战无不胜・盾 , D005136, , , ,77
攻无不克・盾 , D005135, , , ,76
蚩尤蓑 , D005140, , , ,78
蝶恋筝 , D005152b, , , ,79
西山宝库・罗曼琴 , D004012, , , ,7
西山宝库・蓑衣 , D005042, , , ,46
天字・如意架 , D005001, , , ,29
天字・护花书笈 , D005044, , , ,3
天字・极乐帽 , D005061, , , ,31
天字・昆吾盾 , D019003, , , ,16
天字・歃血盾 , D019005, , , ,32
隐元秘宝・云胡听醉 , D004004, , , ,34
隐元秘宝・前尘如风 , D005063, , , ,33
隐元秘宝・阮溪琴吟 , D004011, , , ,35
天字・乐志帽 , D005062, , , ,36
天字・霓裳架 , D005032, , , ,37
天字・玉果篮 , D005033, , , ,38
蓝晶魔脸 , D005148, , , ,80
炎风鼓 , D005131, , , ,81
行囊 , D005180, , , ,83
嫡榕转 , D005091, , , ,84
顺瑜情 , D005093, , , ,85
丹枫鸣 , D003031, , , ,86
诳世 , D005071, , , ,87
弥天 , D005057b, , , ,88
情人枕・天下之雄 , D005101, , , ,43
二师兄 , D005192, , , ,89
蓝涡 , D005181, , , ,90
解剑拜仇 , D005185, , , ,91
化蝶・岚 , D005152, , , ,92
倾橙之恋 , D005152e, , , ,93
金龙跃云 , D005186, , , ,94
血踪万里 , D019009, , , ,95
陌上梨花・蝶 , D005152f, , , ,96
果萌萌 , D005184, , , ,97
暮春寒 , D005196, , , ,98
龙蟠红缨 , D005193, , , ,99
忘情寒玉树 , D005188, , , ,100
挑天 , D005080, , , ,101
摄心凌魄 , D005179, , , ,102
赤缨无回 , D005183, , , ,103
碧落青冥・龙腾四海 , D005197, , , ,104
苍天鹤血・虎威八方 , D005197b, , , ,105
紫翼东升  , D005152d, , , ,106
金风急雨 , D004022, , , ,107
剑胆琴心 , D004023, , , ,108
蝶恋筝 , D005152b, , , ,79
化蝶・岚 , D005152, , , ,92
倾橙之恋 , D005152e, , , ,93
陌上梨花・蝶 , D005152f, , , ,96
金粉玉颜 , D005152c, , , ,61
永动小鸡 , D005151a, , , ,109
罗伞・烟雨情 , D001013_close, , , ,110
午 , D005178b, , , ,111
夜话・白鹭 , D005110, , , ,112
因花生 , D005201, , , ,113
追风紫罗带 , D005111, , , ,114
罗伞・剑侠情 , D001014c_close, , , ,115
太平狮子头 , D005203, , , ,116
无量妙法音 , D005202, , , ,117
名满天下・俱灭轮 , D005198b, , , ,118
戒火弯刀 , RH_knife_028, , , ,119
罗伞・戏鱼渊 , D001014_close, , , ,120
蓝金锁心卷 , D005211, , , ,121
剑胆琴心・丹阳之义 , D005204b, , , ,125
风涛豪情・昭天之威 , D005204, , , ,124
诉情 , D004018, , , ,123
青竹白玉索 , D005210, , , ,122
三味净琉璃 , D005205, , , ,128
金红狩命 , D005206, , , ,126
秋声烛影 , D005208, , , ,127
罗伞・金蛇漫舞 , D001014b_close, , , ,130
天工匣・祥腾 , D005217, , , ,129
钧天 , D005207, , , ,132
心悦 , D008064, , , ,131
罗伞・霖雨春 , D001014d_close, , , ,133
碧落春来 , D005152g, , , ,134
繁华梦・离魄 , D005225, , , ,135
锁仁坛・义 , D005121, , , ,137
锁仁坛・礼 , D005121b, , , ,138
锁仁坛・智 , D005121c, , , ,139
锁仁坛・信 , D005121d, , , ,140
锁仁坛・忠 , D005121e, , , ,141
锁仁坛・孝 , D005121f, , , ,142
捍天下・忠魂 , D005150, , , ,143
娑婆诃 , D005026, , , ,144
忆红颜 , D005226, , , ,145
独步天下・盾合八荒 , D019010b, , , ,146
傲世天下・三刀六洞  , D005219, , , ,147
雪渊龙吟・皇宇龙鞘 , D005218, , , ,148
连城赤心・武尊蛟鞘 , D005218b, , , ,149
吾心自在 , D004021, , , ,150
胡不归 , D004015b, , , ,151
尽忠报国 , D005229, , , ,161
罗伞・蝶恋花 , D001014g_close, , , ,153
罗伞・空谷幽兰 , D001014e_close, , , ,152
童梦 , D005228, , , ,154
白牡丹花篮绿瓷瓶 , D005223, , , ,155
龙夺瑞 , D005222, , , ,156
不见万物 , D005220, , , ,157
心猿意马 , D005231, , , ,158
醉江湖 , D005230, , , ,159
黑龙斩铁 , D005232, , , ,160
七巧坠・摆摆 , D005236, , , ,162
京之东七巧令 , D005236, , , ,163
缄素画札 , D005237, , , ,165
汉服娃娃・听雨 , D005235娃娃背挂, , , ,164
秋雨帘 , D005090, , , ,166
壶天 , D005125, , , ,167
独山玉菩提 , D005187, , , ,168
伸头探脑・酣醉 , D005247, , , ,169
罗伞・月溶 , D001014i_close, , , ,170
茶香荷韵 , D005248, , , ,171
稚子心・健健 , D005250_body, , , ,172
稚子心・丸丸 , D005250_body, , , ,173
稚子心・壕壕 , D005250_body, , , ,174
稚子心・旺旺 , D005250_body, , , ,175
稚子心・珊珊 , D005250_body, , , ,176
稚子心・臻臻 , D005250_body, , , ,177
赤狼破刃 , D005244, , , ,178
白蛟腹 , D005249, , , ,179
千人屠双鳄 , D005243, , , ,180
阿史那汗旗 , D005246, , , ,181
木武童 , D005254, , , ,182
木小呆 , D005254, , , ,183
碧落春来 , D005152g, , , ,134
紫翼东升 , D005152d, , , ,106
罗伞・舒翎 , D001014j_close, , , ,184
鎏翊 , D005253, , , ,185
独山玉菩提 , D005187, , , ,168
罗伞・蝶恋花 , D001014g_close, , , ,153
稚子心・健健 , D005250_body, , , ,172
稚子心・丸丸 , D005250_body, , , ,173
稚子心・壕壕 , D005250_body, , , ,174
稚子心・旺旺 , D005250_body, , , ,175
稚子心・珊珊 , D005250_body, , , ,176
稚子心・臻臻 , D005250_body, , , ,177
诉情 , D004018, , , ,123
罗伞・霖雨春 , D001014d_close, , , ,133
锁仁坛・义 , D005121, , , ,137
锁仁坛・礼 , D005121b, , , ,138
锁仁坛・智 , D005121c, , , ,139
锁仁坛・信 , D005121d, , , ,140
锁仁坛・忠 , D005121e, , , ,141
锁仁坛・孝 , D005121f, , , ,142
罗伞・剑侠情 , D001014c_close, , , ,115
罗伞・金蛇漫舞 , D001014b_close, , , ,130
罗伞・空谷幽兰 , D001014e_close, , , ,152
伸头探脑・不戒 , D005247c_body, , , ,186
玄冰架・小极 , D005259b, , , ,187
玄冰架・极极 , D005259b, , , ,187
玄冰架・南南 , D005259, , , ,188
鬼相巨面・魑 , D019021, , , ,189
鬼相巨面・魅 , D019021, , , ,190
鬼相巨面・魍 , D019021, , , ,191
弓鸣戾鹭・慕 , D005262, , , ,192
弓鸣戾鹭・津 , D005262, , , ,193
素音冰弦 , D005257, , , ,194
刀鸣逢鬼泣 , D005240, , , ,195
一步登天 , D005264, , , ,196
青金暴君 , D019014, , , ,197
鹤玄高义 , D005224, , , ,198
飞鸿无迹・道天 , D005263, , , ,199
青耳钟 , D005258, , , ,200
影傀儡 , D005242, , , ,201
四海归一・逝水 , D005238, , , ,203
血战黄泉・逝水 , D005238, , , ,202
净露洗心 , D005256b, , , ,205
花吹雪 , D005273, , , ,204
火麟困 , D005255, , , ,206
射雕引 , D005270, , , ,207
功夫架 , D005276, , , ,208
解暑三果 , D005285, , , ,209
玄犀伴岚樱  , D005286, , , ,210
云鹤呈玉祥  , D005275, , , ,211
血犀角 , D005283, , , ,212
飞鸿无迹・墨意 , D005263b, , , ,213
贡月仙 , D005291, , , ,214
九霄环佩 , D005284, , , ,215
轻娑缠 , D005292, , , ,217
伸头探脑・七艺 , D005247d, , , ,216
飞鸿无迹・翠竹 , D005263c, , , ,218
大梦千年 , D005295灯笼, , , ,219
朝与暮・秋菊 , D005297, , , ,221
双飞燕・秋菊 , D005297, , , ,220
岐黄篓 , D005298, , , ,222
玉竿搏浪 , D005296, , , ,223
飞鸿无迹・秀色 , D005263g, , , ,224
苍空暴云 , D005306, , , ,225
威震诸侯・金钟照胆 , D005239, , , ,236
赤胆横戈・炎槌炙风 , D005239, , , ,237
狰目鬼角刀 , D005299, , , ,226
令云旗 , D005303, , , ,227
飞鸿无迹・白夜 , D005263d, , , ,228
雀扇半屏开  , D005308, , , ,229
大筷朵颐  , D005305, , , ,230
地舆天盖  , D005304, , , ,231
十二翼晨曦 , D005253, , , ,232
神武盔 , D005301, , , ,233
飞天 , D004017, , , ,234
忠魂 , D005302, , , ,235
运筹帷幄・幕 , D005304b, , , ,238
淡墨清毫 , D005253e, , , ,239
黑羽千华 , D005315, , , ,240
惊声尖叫 , D005314, , , ,241
红花玉蕊 , D005318, , , ,242
炽角皇 , D005317, , , ,243
抽云探海 , D005319, , , ,244
辉耀三界 , D005320, , , ,245
清潇梨歌 , D005293, , , ,246
剑啸青穹・庚午之谪 , D005323, , , ,250
威破赤霄・甲子之拥 , D005323, , , ,251
白梅法剑 , D005326, , , ,252
诡龙戏珠 , D005322, , , ,253
焰归 , D005325, , , ,254
原天音 , D005300, , , ,255
紫玄定福盘 , D005281, , , ,256
誉满天下・乾聚三阳 , D005324, , , ,257
神羽盔 , D005301b, , , ,247
破军 , D005302b, , , ,248
玉玲珑 , D004017c, , , ,249
茶香荷韵 , D005248, , , ,171
汉服娃娃・听雨 , D005235娃娃背挂, , , ,164
射雕引 , D005270, , , ,207
火麟困 , D005255, , , ,206
劫海龙旗 , D005327, , , ,258
罗伞・舒翎 , D001014j_close, , , ,184
白雁・逆风行 , D005328, , , ,259
极乐・不持扇 , D005329, , , ,260
星络缀金 , D005087, , , ,261
道音蕴 , D005086, , , ,262
阴阳剑 , D005332, , , ,268
阴阳剑 , D005332, , , ,269
阴阳剑 , D005332, , , ,270
阴阳剑 , D005332, , , ,271
阴阳剑 , D005332, , , ,272
霜水明霄 , D005336, , , ,266
西极烈日 , D005336b, , , ,267
愤怒的鸟杖 , D005282, , , ,263
桃[燕归 , D005234, , , ,264
天成林崖 , D005200c, , , ,265
谁寄风弦 , D005337, , , ,273
刹那荒火 , D005333, , , ,274
水长生・皂黄龙 , D005334all, , , ,275
水长生・青金莲 , D005335all, , , ,276
夜幕星河 , D001016_close, , , ,277
和言・情悦 , D005267, , , ,278
情 , D005340, , , ,279
塞外声 , D005350, , , ,283
月上枝 , D005353, , , ,284
凰吟白首 , D005356, , , ,280
万古星极 , D005357, , , ,281
瑶姬清梦 , D005358, , , ,282
威震天下・金龙铃鼓 , D005221, , , ,310
南瑞自来 , D005360, , , ,285
情玉流磐 , D005359, , , ,286
明山春水 , D005155, , , ,287
青绕黄 , D005256, , , ,288
银虬绕 , D005193b, , , ,289
徘 , D005103, , , ,290
千杯清净 , D005085, , , ,291
影摇红 , D005263e, , , ,292
青色慈悲 , D005056, , , ,293
金锦 , D005209, , , ,309
定星月 , D005352, , , ,294
冠世风流・金线血河 , D005341, , , ,301
烽火八方・金线血河 , D005341, , , ,311
白衣大士 , D005344, , , ,295
绝响 , D005331, , , ,296
雅瑟雄韬 , D005342, , , ,297
溯梦 , D005363, , , ,298
包子铺・虎仔 , D005364b, , , ,312
芳菲耀・秋菊 , D005297, , , ,302
明王眼 , D005102, , , ,305
战威 , D005369, , , ,306
千年老参 , D005367, , , ,307
龟甲 , D005368, , , ,308
驰西风 , D005268, , , ,303
七宝葫芦 , D005370, , , ,304
白鹿游仙 , D005389, , , ,300
犀角照水 , D005388, , , ,313
莲池钓月 , D005376, , , ,314
玉翎寒梅 , D001016b_close, , , ,315
玉璐凰音 , D005399, , , ,316
金鳞君顾 , D005403, , , ,317
芙雀回首 , D005404, , , ,318
功夫面馆 , D005424, , , ,321
洛城春暮 , D005413, , , ,320
寒渊萧雪 , D005416, , , ,319
道轮回・地藏 , D005415, , , ,322
芸阁紫雪 , D005414, , , ,323
云香染扇 , D005420, , , ,324
梨落珍珑 , D005425, , , ,325
蜀中百变・重葛 , D005426, , , ,326
灵鸟白心 , D005436, , , ,327
青凤白卷 , D005435, , , ,328
七彩风车 , D005440, , , ,329
荧惑剑 , D005400, , , ,330
白鹭霜皇笛 , D005401, , , ,331
松露仙葫 , D005402, , , ,332
鬼相巨面・魍 , D019021, , , ,191
明月幽昙 , D005427, , , ,333
暗香疏影 , D005428, , , ,334
锦帐重帘 , D005439, , , ,335
苍竹龙曜 , D005290, , , ,336
绛焰 , D005447, , , ,338
春风鼓 , D005441, , , ,339
行龙镖旗 , q_旗拖尾, , , ,340
霓华琼扇 , D005375, , , ,341
雀栖千叶 , D005437, , , ,342
伸头探脑・心剑 , D005438, , , ,343
伸头探脑・隐遁 , D005438b, , , ,344
伸头探脑・问道 , D005438c, , , ,345
桃华夭夭 , D005410, , , ,346
江湖路 , D005411, , , ,347
江湖路 , D005411, , , ,347
飞鸿无迹・道天 , D005263, , , ,199
素馨菡萏 , D005448, , , ,348
赤血天狼 , D005449, , , ,349
寒琼 , D001017_close, , , ,350
弓鸣戾鹭・津 , D005262, , , ,193
银阙 , D005461, , , ,351
霜天清晓 , D005412, , , ,352
玉兔仙灯 , D005450, , , ,355
银阙 , D005461, , , ,351
霜天清晓 , D005412, , , ,352
素练残雪卷 , D005460, , , ,353
金桂庆云 , D005459, , , ,354
相思锦年・盘空眸 , D005346, , , ,356
雨师斧 , D005464, , , ,357
樱蕊金玉盘 , D005463, , , ,358
飞鸿无迹・星图 , D005263h, , , ,359
定 , D005089, , , ,360
血刃冥渺 , D005468, , , ,361
沧海奔流・毕方吞焰 , D005469b, , , ,363
覆雨翻云・毕方吞焰 , D005469, , , ,362
蟠龙隐匕杯 , D005470, , , ,364
故曲 , D005471, , , ,365
金风瑞瓜 , D005472, , , ,366
蛮族犀角 , D005473, , , ,367
玉蜘蛛 , D005170, , , ,368
称心如意 , D005474, , , ,369
碧蛇缚 , D005465, , , ,370
夜幕星河 , D001016_close, , , ,277
劫海龙旗 , D005327, , , ,258
指流丹 , D005466, , , ,372
天涯清露 , D005467, , , ,373
鎏翊 , D005253, , , ,185
功夫面馆 , D005424, , , ,321
剑归 , D005109, , , ,51
青凤白卷 , D005435, , , ,328
锦帐重帘 , D005439, , , ,335
芙雀回首 , D005404, , , ,318
小悟空 , D005137, , , ,62
洛城春暮 , D005413, , , ,320
白雁・逆风行 , D005328, , , ,259
茶香荷韵 , D005248, , , ,171
花吹雪 , D005273, , , ,204
罗伞・霖雨春 , D001014d_close, , , ,133
罗伞・烟雨情 , D001013_close, , , ,110
罗伞・戏鱼渊 , D001014_close, , , ,120
罗伞・金蛇漫舞 , D001014b_close, , , ,130
汉服娃娃・听雨 , D005235娃娃背挂, , , ,164
二师兄 , D005192, , , ,89
夜幕星河 , D001016_close, , , ,277
九霄环佩 , D005284, , , ,215
劫海龙旗 , D005327, , , ,258
包子铺・虎仔 , D005364b, , , ,312
明月幽昙 , D005427, , , ,333
暗香疏影 , D005428, , , ,334
蜀中百变・重葛 , D005426, , , ,326
飞鸿无迹・道天 , D005263, , , ,199
飞鸿无迹・墨意 , D005263b, , , ,213
判世 , D005478, , , ,374
白月天风 , D005477, , , ,375
明月幽昙 , D005427, , , ,333
暗香疏影 , D005428, , , ,334
琉璃灯 , D005484, , , ,376
步血行歌 , D005480, , , ,377
纵风 , D005479, , , ,378
冥首 , D005482, , , ,380
梦鹏 , D005483, , , ,381
南瑞自来 , D005360, , , ,285
墨忘水 , D005485, , , ,383
清露葫芦 , D005486, , , ,384
文韬武略・戾天弯刀 , D005490, , , ,385
海晏河清・赤羽旗 , D005492, , , ,386
铁血枫红旗 , D005491, , , ,388
桀骜不驯・赤羽旗 , D005492b, , , ,387
瑞鹤仙灯 , D005495, , , ,389
擎风龙旗 , D005497, , , ,390
花马绘 , D005489, , , ,397
山秀屏深 , D005487, , , ,398
炎狱霆音 , D005488, , , ,399
燕影横窗 , D005493, , , ,391
壶中天星 , D005494, , , ,392
清风朗月 , D005498, , , ,394
趁东风 , D005499, , , ,396
倦风尘 , D005500, , , ,393
鹤影天青・水云寂 , D001018_close, , , ,395
垂阳 , D005503, , , ,400
敛红尘 , D005504, , , ,401
涉川 , D005506, , , ,403
永怀 , D005508, , , ,404
白露杏花天 , D005501, , , ,405
青莲语瀑 , P_喷泉挂件01, , , ,407
夜雨沁荷 , D005517, , , ,408
山海间 , D005516, , , ,409
眉妆 , D005507, , , ,410
流莺 , D005496, , , ,411
素心忘弦 , D005505, , , ,412
韶华春秋・燕歌行 , D001019_close, , , ,413
韶华春秋・燕歌行 , D001019_close, , , ,413
萌趣娃娃・妖气娘 , D005528, , , ,414
晓春临 , D005511, , , ,415
长安乐 , D005512, , , ,416
踏花归 , D005533, , , ,417
泽荒 , D005513, , , ,418
旌风 , D005514, , , ,419
霜风云隐・烟霞 , D001020_close, , , ,420
霜风云隐・秋霁 , D001020b_close, , , ,421
霜风云隐・秋霁 , D001020b_close, , , ,421
霜虎啸林 , D005537, , , ,422
凝碧薇 , D005521, , , ,423
碎荒极 , D005524, , , ,424
天涯清露 , D005467, , , ,373
晷煌 , D005538, , , ,425
沐血歌 , D005523, , , ,426
揽芳华 , D005522, , , ,427
醉梦阑珊 , D005545, , , ,428
碧血丹心・刺霄 , D005518, , , ,429
九州纵横・破云 , D005518, , , ,430
拭剑江山・震眩炎雷 , D005519, , , ,431
威硎震天 , D005343, , , ,432
长相思 , D005527, , , ,433
暖馨匣 , D005557, , , ,434
北射天狼 , D005539, , , ,435
虹霞照日 , D005529, , , ,436
轻羽吟风 , D005530, , , ,437
鸾凤同心 , D005558, , , ,438
狡悲 , D005546, , , ,439
百索牵丝 , D005547, , , ,440
七巧令 , D005236, , , ,163
七巧令・旺旺 , D005559, , , ,441
琉月听雪 , D005565, , , ,442
画堂春 , D005541, , , ,443
蝶恋轻羽 , D005543, , , ,444
云鸾舞镜 , D005552, , , ,445
山泷青阳 , D005570, , , ,446
舟雨眠・烟渺・伞 , D001023_close, , , ,447
舟雨眠・江行・伞 , D001023b_close, , , ,448
舟雨眠・疏霖・伞 , D001023c_close, , , ,449
舟雨眠・暮霭・伞 , D001023d_close, , , ,450
特・舟雨眠・伞 , D001023e_close, , , ,451
砺锋剑 , D005534, , , ,452
霜风霁 , D005544, , , ,453
暮归人 , D005550, , , ,454
霜夜缠星 , D005549, , , ,455
念长安 , D005551, , , ,456
玲珑藏梦 , D005578, , , ,457
风荷凌波 , D001024_close, , , ,458
抚仙忘忧 , D005577, , , ,459
僵尸挂件1 , D005579, , , ,460
定乾坤 , D005579b, , , ,461
枕戈待战・金龙啸日 , D005548, , , ,462
万里长风・筑歌 , D005568, , , ,463
剑鸣八荒・刺秦 , D005568, , , ,464
惊天断魂 , D005584, , , ,465
云渡莲舟 , D005526, , , ,466
倚寒楼 , D005563, , , ,467
夏语铃琅 , D005588, , , ,468
伶雀飞花 , D005596, , , ,470
白琼卷藏 , D005575, , , ,469
醉挑金盏 , D005595, , , ,472
醉挑金盏 , D005595, , , ,472
相思云鸢・伞 , D001026_close, , , ,471
静尘清 , D005553, , , ,473
醉扶归 , D005564, , , ,474
梅隐墨骨 , D005600, , , ,484
舞云飞 , D001025_close, , , ,479
月梦清秋・扇 , D005610b, , , ,475
秋兰雅箫 , D005560, , , ,476
寒枝惊羽 , D005561, , , ,477
云灯拱月 , D005601, , , ,478
醉梦紫壶 , D005562, , , ,480
逶蛇玄霄 , D005554, , , ,481
凤引金g , D005614, , , ,482
沧海兰舟 , D005628, , , ,483
出渊云格 , D005377, , , ,485
倒行山海 , D005347, , , ,486
赐清平 , D005626, , , ,487
束月流弦 , D005622, , , ,488
闲人回避 , D005611, , , ,493
万物有灵 , D005634, , , ,494
裂川 , D005615, , , ,495
沧海悬壶 , D005612, , , ,496
秋风螺 , D005630, , , ,497
破阵踏霄・八腕目威盾 , D005609, , , ,498
鲸波荡世・负勇 , D005531, , , ,544
醉解敌颅・从战 , D005531, , , ,545
毒蛛之刺 , D005608, , , ,500
石中之剑 , D005607, , , ,501
不败长枪 , D005606, , , ,502
z盾 , D005605, , , ,503
我教红丝带 , D005604, , , ,504
魔音琵琶 , D005603, , , ,505
无隙 , D005602, , , ,506
绛焰・鸿 , D005447b, , , ,507
溯梦・鸿 , D005363b, , , ,508
水长生・雪银莲 , D005335allb, , , ,509
狰目鬼角刀・鸿 , D005299b, , , ,510
血犀角・鸿 , D005283b, , , ,511
阿史那汗旗・鸿 , D005246b, , , ,512
三味净琉璃・鸿 , D005205b, , , ,513
孟秋砚・鸿 , D005113b, , , ,514
画卷・鸿 , D003023b, , , ,515
焰・鸿 , D005316b, , , ,516
潺・鸿 , D005046b, , , ,517
霸王弩・鸿 , D005105b, , , ,518
霸王钳・鸿 , D005106b, , , ,519
擎风龙旗・鸿 , D005497b, , , ,520
飞天・鸿 , D004017d, , , ,521
神武盔・鸿 , D005301c, , , ,522
神羽盔・鸿 , D005301d, , , ,523
青耳钟・鸿 , D005258b, , , ,524
影傀儡・鸿 , D005242b, , , ,525
白蛟腹・鸿 , D005249b, , , ,526
千人屠双鳄・鸿 , D005243b, , , ,527
赤狼破刃・鸿 , D005244b, , , ,528
不见万物・鸿 , D005220b, , , ,529
黑龙斩铁・鸿 , D005232b, , , ,530
龙夺瑞・鸿 , D005222b, , , ,531
白牡丹花红釉瓶 , D005223b, , , ,532
金红狩命・鸿 , D005206b, , , ,533
秋声烛影・鸿 , D005208b, , , ,534
钧天・鸿 , D005207c, , , ,535
夜话・白鹭・鸿 , D005110b, , , ,536
挑天・鸿 , D005080b, , , ,537
赤缨无回・鸿 , D005183b, , , ,538
摄心凌魄・鸿 , D005179b, , , ,539
因花生・鸿 , D005201b, , , ,540
夺命三千・鸿 , D005060b, , , ,541
徊・鸿 , D005057c, , , ,542
・鸿 , D016017b, , , ,543
战渊 , D005639, , , ,499
即离 , D005586, , , ,489
蝶魄 , D005598, , , ,490
寄情 , D005385, , , ,491
七巧令・碧海追光 , D005636, , , ,492
穗燕衔镜 , D005624, , , ,546
月泠竹风 , D005633, , , ,547
残阳祸心 , D005623, , , ,548
凛花弄剑 , D005631, , , ,549
九州定鼎 , D005619, , , ,550
卦预乾坤 , D005620, , , ,551
朝露昙华 , D005621, , , ,552
曼陀雪趣 , D005638, , , ,553
舞云飞 , D001025_close, , , ,479
宁盈年年 , D005632, , , ,554
相思云絮 , D005644, , , ,555
侠行剑歌 , D005510, , , ,556
毕方逐煦 , D005642, , , ,557
明珠箢 , D005645, , , ,558
金龙幡 , D005635, , , ,559
夕殿阑灯 , D005646, , , ,560
明宵小兔灯 , D005647, , , ,561
侠骨意 , D005462b, , , ,562
浮香比翼 , D005475, , , ,371
桃影闲心 , D005481, , , ,379
寻珍味・虎仔 , D005364d, , , ,382
寻珍味・虎仔 , D005364d, , , ,382
临江仙 , D003023, , , ,402
山海间 , D005516, , , ,409
浮生绘扇 , D005641, , , ,563
玉笛飞声 , D005509, , , ,564
冷魄琼枝 , D005585, , , ,565
山海间 , D005516, , , ,409
折羽避尘 , D005629, , , ,566
碎叶绛心壶 , D005651, , , ,567
凤鸣梧枝 , D005649, , , ,568
鹤衔云 , D005656, , , ,569
白鹭含烟笔 , D005592, , , ,570
千秋盏 , D005655, , , ,571
承岚 , D005664, , , ,572
余音绕梁 , D005660, , , ,573
如意帘・一帆风顺 , D012064, , , ,1
如意帘・二龙戏珠 , D012065, , , ,2
如意帘・三阳开泰 , D012066, , , ,3
如意帘・四季平安 , D012067, , , ,4
如意帘・五福同寿 , D012068, , , ,5
如意帘・六六大顺 , D012069, , , ,6
如意帘・七巧玲珑 , D012070, , , ,7
如意帘・八面春风 , D012071, , , ,8
如意帘・九九同心 , D012072, , , ,9
如意帘・恭喜发财 , D012063, , , ,10
独当一面 , D012085, , , ,20
面纱・幻 , M2_3001b_hat, , , ,12
面纱・绚 , M2_3001e_hat, , , ,13
面纱・妄 , M2_3001a_hat, , , ,14
面纱・灵 , M2_3001d_hat, , , ,15
面纱・魅 , M2_3001c_hat, , , ,16
面纱・墨 , M2_3039_hat, , , ,17
红色面罩 , M2_3001_hat, , , ,19
天字・探花巾 , M2_3001_hat, , , ,19
天字・飞狐面具 , D012043, , , ,18
捕爷覆面 , D012089, , , ,21
快意恩仇 , D012090, , , ,22
面纱・幻 , M2_3001b_hat, , , ,12
面纱・丹 , M2_3001_hat, , , ,19
云幕遮 , D012093b, , , ,23
面纱・墨 , M2_3039_hat, , , ,17
面纱・绚 , M2_3001e_hat, , , ,13
面纱・妄 , M2_3001a_hat, , , ,14
面纱・灵 , M2_3001d_hat, , , ,15
面纱・魅 , M2_3001c_hat, , , ,16
纱无涉・仁 , D012102, , , ,24
纱无涉・乎 , D012102, , , ,25
纱无涉・曦 , D012102, , , ,26
纱无涉・能 , D012102, , , ,27
纱无涉・嘉 , D012102, , , ,28
纱无涉・怖 , D012102, , , ,29
苏幕遮・云 , M2_3001g_hat, , , ,30
苏幕遮・雾 , M2_3001g_hat, , , ,31
苏幕遮・敛 , M2_3001g_hat, , , ,32
苏幕遮・黯 , M2_3001g_hat, , , ,33
苏幕遮・追 , M2_3001g_hat, , , ,34
苏幕遮・思 , M2_3001g_hat, , , ,35
紫色妖姬 , M2_3001g_hat, , , ,36
情漪相依 , D012104, , , ,37
杀破狼・破军 , D012108d, , , ,38
杀破狼・七煞 , D012108d, , , ,39
杀破狼・贪狼 , D012108d, , , ,40
杀破狼・紫微 , D012108d, , , ,41
天妒画颜 , D012113, , , ,42
苏幕遮・追 , M2_3001g_hat, , , ,34
苏幕遮・黯 , M2_3001g_hat, , , ,33
面纱・墨 , M2_3039_hat, , , ,17
面纱・幻 , M2_3001b_hat, , , ,12
狡啮 , D012124, , , ,43
如意金箍 , D012128, , , ,44
铁齿无诟 , D012133, , , ,45
苏幕遮・敛 , M2_3001g_hat, , , ,32
苏幕遮・黯 , M2_3001g_hat, , , ,33
天妒画颜 , D012113, , , ,42
鬼域・扶桑 , D012135M2, , , ,46
鬼域・返魂 , D012137M2, , , ,47
鬼域・怀梦 , D012139M2, , , ,48
镜花浮名 , D012158, , , ,49
弦歌落曲 , D012163M2, , , ,50
不见澜生 , D012165M2, , , ,51
珠玉拂帘 , D012172M2, , , ,52
晓月笼纱 , D012171M2, , , ,53
左肩挂件 , D022002L, , , ,1
金盏玄狐・浇血・左 , D022002L, , , ,1
金盏玄狐・琼楼・左 , D022002L, , , ,2
金盏玄狐・广昼・左 , D022002L, , , ,3
墨云革・浇血・左 , D022001L, , , ,4
墨云革・琼楼・左 , D022001L, , , ,5
墨云革・广昼・左 , D022001L, , , ,6
丹珠打蕊・愁天・左 , D022004L, , , ,7
丹珠打蕊・开河・左 , D022004L, , , ,8
丹珠打蕊・忱朝・左 , D022004L, , , ,9
云兮・勾划・左 , D022003L, , , ,10
云兮・卷尾・左 , D022003L, , , ,11
云兮・回峰・左 , D022003L, , , ,12
一簇柔・浮明・左 , D022005L, , , ,13
一簇柔・宁邃・左 , D022005L, , , ,14
一簇柔・皓空・左 , D022005L, , , ,15
莺歌流转・笙歌・左 , D022007L, , , ,16
莺歌流转・曼舞・左 , D022007L, , , ,17
莺歌流转・对酒・左 , D022007L, , , ,18
谢云流肩挂 , D022006L, , , ,19
金盏玄狐・浇血・左 , D022002L, , , ,1
丹珠打蕊・开河・左 , D022004L, , , ,8
墨云革・广昼・左 , D022001L, , , ,6
云兮・回峰・左 , D022003L, , , ,12
杏梨霜・漩流・左 , D022009L, , , ,20
杏梨霜・疏影・左 , D022009L, , , ,21
杏梨霜・武曲・左 , D022009L, , , ,22
迷花金叶・晨湖・左 , D022008L, , , ,23
迷花金叶・秋霜・左 , D022008L, , , ,24
迷花金叶・枫火・左 , D022008L, , , ,25
影琅钉・逐狱・左 , D022008L, , , ,26
赫连・晓・左 , D022011L, , , ,30
赫连・珠・左 , D022011L, , , ,31
赫连・莹・左 , D022011L, , , ,32
独孤・漠・左 , D022010L, , , ,27
独孤・殇・左 , D022010L, , , ,28
独孤・煌・左 , D022010L, , , ,29
衔龙・左 , D022012L, , , ,33
雀衣・左 , D022013L, , , ,34
飞花・左 , D022014L, , , ,35
雪神・左 , D022015L, , , ,36
粉黛・左 , D022016L, , , ,37
蒹葭・左 , D022017L, , , ,38
定情针・无怨・左 , D022018L, , , ,39
定情针・无悔・左 , D022018L, , , ,40
定情针・无思・左 , D022018L, , , ,41
鱼戏珠・钟鼓・左 , D022019L, , , ,42
鱼戏珠・馔玉・左 , D022019L, , , ,43
鱼戏珠・长醉・左 , D022019L, , , ,44
半蓬暮・溪川・左 , D022020L, , , ,45
半蓬暮・深森・左 , D022020L, , , ,46
半蓬暮・雪诗・左 , D022020L, , , ,47
灵皎・琉藏・左 , D022021L, , , ,48
灵皎・素入・左 , D022021L, , , ,49
灵皎・海青・左 , D022021L, , , ,50
穹中靥・丝握・左 , D022022L, , , ,51
穹中靥・浪驰・左 , D022022L, , , ,52
穹中靥・皑乐・左 , D022022L, , , ,53
芳中歇・素绢・左 , D022023L, , , ,54
芳中歇・耳语・左 , D022023L, , , ,55
芳中歇・潋滟・左 , D022023L, , , ,56
墨华翎・抒文・左 , D022024L, , , ,57
墨华翎・演武・左 , D022024L, , , ,58
墨华翎・通贾・左 , D022024L, , , ,59
流苏泪・空朔・左 , D022025L, , , ,60
流苏泪・勾弦・左 , D022025L, , , ,61
流苏泪・满望・左 , D022025L, , , ,62
紫芝岁华・执手・左 , D022027L, , , ,63
紫芝岁华・坐忘・左 , D022027L, , , ,64
紫芝岁华・情长・左 , D022027L, , , ,65
逐鹰拂海・长川・左 , D022026L, , , ,66
逐鹰拂海・云涯・左 , D022026L, , , ,67
逐鹰拂海・山河・左 , D022026L, , , ,68
篆花簇・鹧鸪・左 , D022029L, , , ,69
篆花簇・Z乌・左 , D022029L, , , ,70
篆花簇・子规・左 , D022029L, , , ,71
缟夜千古・峨眉・左 , D022030L, , , ,72
缟夜千古・相思・左 , D022030L, , , ,73
缟夜千古・烟黛・左 , D022030L, , , ,74
雁倚梦・入画・左 , D022034L, , , ,75
雁倚梦・裘歌・左 , D022034L, , , ,76
雁倚梦・朱砂・左 , D022034L, , , ,77
落梅三书・兰亭・左 , D022031L, , , ,78
落梅三书・鹊楼・左 , D022031L, , , ,79
落梅三书・桃源・左 , D022031L, , , ,80
彼岸云泥・三途・左 , D022033L, , , ,81
彼岸云泥・渺渺・左 , D022033L, , , ,82
彼岸云泥・弹指・左 , D022033L, , , ,83
紫藤香风・山亭・左 , D022032L, , , ,84
紫藤香风・绕廊・左 , D022032L, , , ,85
紫藤香风・结绶・左 , D022032L, , , ,86
龙光凌斗・居云・左 , D022035L, , , ,87
龙光凌斗・双头金・左 , D022035L, , , ,88
龙光凌斗・疾雨・左 , D022035L, , , ,89
琼心映月・兰陵・左 , D022036L, , , ,90
琼心映月・思源・左 , D022036L, , , ,91
琼心映月・风入窗・左 , D022036L, , , ,92
夜月秋香・秋露・左 , D022039L, , , ,96
色如霜・自慧・左 , D022037L, , , ,93
夜月秋香・桃香・左 , D022039L, , , ,97
夜月秋香・销光・左 , D022039L, , , ,98
色如霜・独宿・左 , D022037L, , , ,94
色如霜・江庐・左 , D022037L, , , ,95
兽魂・左 , D022040L, , , ,99
雀翎阑・荧光・左 , D022041L, , , ,100
雀翎阑・绛红・左 , D022041L, , , ,101
雀翎阑・湖绿・左 , D022041L, , , ,102
棠梨盛・桃月・左 , D022038L, , , ,103
棠梨盛・问菊・左 , D022038L, , , ,104
棠梨盛・霜风・左 , D022038L, , , ,105
九阙天影・左 , D022042L, , , ,106
云锦梦华・左 , D022043L, , , ,107
九阙天影・左 , D022042L, , , ,106
云锦梦华・左 , D022043L, , , ,107
七情莲・冷萧・左 , D022045L, , , ,108
七情莲・若芙・左 , D022045L, , , ,109
七情莲・碧空・左 , D022045L, , , ,110
冷香绕・轻绯・左 , D022044L, , , ,111
冷香绕・霜寒・左 , D022044L, , , ,112
冷香绕・缃黄・左 , D022044L, , , ,113
攀夜・焚伶・左 , D022047L, , , ,114
攀夜・勾慈・左 , D022047L, , , ,115
攀夜・太冥・左 , D022047L, , , ,116
蕊寒香深・凝云・左 , D022046L, , , ,117
蕊寒香深・福源・左 , D022046L, , , ,118
蕊寒香深・炼鸣・左 , D022046L, , , ,119
星河花散・落银・左 , D022050L, , , ,120
星河花散・融金・左 , D022050L, , , ,121
星河花散・暮缕・左 , D022050L, , , ,122
戏命巾・断命・左 , D022048L, , , ,123
戏命巾・讥运・左 , D022048L, , , ,124
戏命巾・辩思・左 , D022048L, , , ,125
倾城令・红翎斩・左 , D022049L, , , ,126
倾城令・玄霰・左 , D022049L, , , ,127
倾城令・雪歌・左 , D022049L, , , ,128
盘空嘤语・归歌・左 , D022054L, , , ,129
盘空嘤语・衔泥・左 , D022054L, , , ,130
盘空嘤语・炼云・左 , D022054L, , , ,131
北荒飙・金缕・左 , D022053L, , , ,132
北荒飙・形徵・左 , D022053L, , , ,133
北荒飙・宾戏・左 , D022053L, , , ,134
为结樱・花谛・左 , D022052L, , , ,135
为结樱・梦中・左 , D022052L, , , ,136
为结樱・锁菊・左 , D022052L, , , ,137
盘龙凤舞・左 , D022059L, , , ,138
盘龙凤舞・左 , D022059L, , , ,138
悬魂・沥水・左 , D022056L, , , ,139
悬魂・晓月・左 , D022056L, , , ,140
悬魂・晶明・左 , D022056L, , , ,141
燕南飞・宵度・左 , D022055L, , , ,142
燕南飞・寒降・左 , D022055L, , , ,143
燕南飞・云路・左 , D022055L, , , ,144
角鬼睛・隐天・左 , D022057L, , , ,145
角鬼睛・景阳・左 , D022057L, , , ,146
角鬼睛・激石・左 , D022057L, , , ,147
待・逢・左 , D022058L, , , ,148
待・逐・左 , D022058L, , , ,149
待・莲・左 , D022058L, , , ,150
毫光誓・左 , D022069L, , , ,162
初见香・左 , D022070L, , , ,163
血濡冰・左 , D022071L, , , ,164
帘卷梅・左 , D022072L, , , ,165
尘涯羽・左 , D022073L, , , ,166
露隐明・左 , D022074L, , , ,167
生莲贴・左 , D022075L, , , ,168
影摘情・左 , D022076L, , , ,169
迷梦翎・左 , D022064L, , , ,157
月伴燕・左 , D022065L, , , ,158
道鹤雪・左 , D022066L, , , ,159
火玲珑・左 , D022067L, , , ,160
夜征尘・左 , D022068L, , , ,161
风涛逝・倦歌・左 , D022061L, , , ,151
风涛逝・寒调・左 , D022061L, , , ,152
风涛逝・未阑・左 , D022061L, , , ,153
萍聚・红桥・左 , D022062L, , , ,154
萍聚・月明・左 , D022062L, , , ,155
萍聚・独冻・左 , D022062L, , , ,156
鹤影天青・左 , D022078L, , , ,170
鹤影天青・左 , D022078L, , , ,170
落月・剪姿・左 , D022079L, , , ,171
落月・倦和・左 , D022079L, , , ,172
落月・绮归・左 , D022079L, , , ,173
醉浮生・泠飞・左 , D022080L, , , ,174
醉浮生・琼窗・左 , D022080L, , , ,175
醉浮生・尘澜・左 , D022080L, , , ,176
珑玉・莲心・左 , D022081L, , , ,177
珑玉・丹霞・左 , D022081L, , , ,178
珑玉・含凤・左 , D022081L, , , ,179
战关山・残月・左 , D022083L, , , ,180
战关山・青戈・左 , D022083L, , , ,181
战关山・烽火・左 , D022083L, , , ,182
赤羽逍遥・左 , D022089L, , , ,184
未语・湖山・左 , D022077L, , , ,185
未语・颂影・左 , D022077L, , , ,186
未语・和光・左 , D022077L, , , ,187
叠风・云深・左 , D022082L, , , ,188
叠风・秋空・左 , D022082L, , , ,189
叠风・听松・左 , D022082L, , , ,190
天穹掠影・左 , D022090L, , , ,191
天穹掠影・左 , D022090L, , , ,191
北望天狼・左 , D022091L, , , ,192
北望天狼・左 , D022091L, , , ,192
梦流光・左 , D022095L, , , ,193
梦流光・左 , D022095L, , , ,193
含瑶・朔湖・左 , D022084L, , , ,194
含瑶・沁杉・左 , D022084L, , , ,195
含瑶・照越・左 , D022084L, , , ,196
折盏・拂光・左 , D022085L, , , ,197
折盏・沐晓・左 , D022085L, , , ,198
折盏・夕瑰・左 , D022085L, , , ,199
扬辰・妄端・左 , D022086L, , , ,200
扬辰・炎铮・左 , D022086L, , , ,201
扬辰・穹川・左 , D022086L, , , ,202
危绒・浮绪・左 , D022087L, , , ,203
危绒・谨漪・左 , D022087L, , , ,204
危绒・照迦・左 , D022087L, , , ,205
华焰披锦・左 , D022104L, , , ,206
盘空嘤语・归歌・左 , D022054L, , , ,129
陌上窈窕・左 , D022116L, , , ,208
陌上窈窕・左 , D022116L, , , ,208
丹心彼岸・左 , D022102L, , , ,210
普渡莲华・左 , D022113L, , , ,214
鹤唳云霄・左 , D022114L, , , ,215
樱舞倾城・左 , D022121L, , , ,220
归燕衔春・左 , D022112L, , , ,213
霜风漫卷・左 , D022119L, , , ,218
落蝶惊梦・左 , D022117L, , , ,216
翠翎煌天・左 , D022122L, , , ,221
圣火耀月・左 , D022096L, , , ,209
龙隐苍山・左 , D022110L, , , ,212
融冰镇岳・左 , D022120L, , , ,219
琼花玉宇・左 , D022118L, , , ,217
凝冰绽雪・左 , D022106L, , , ,211
染墨千秋・左 , D022124L, , , ,222
剑歌惊月・左 , D022123L, , , ,223
浮屠明音・左 , D022131L, , , ,224
碧翎叠云・左 , D022132L, , , ,225
碧海云仙・左 , D022137L, , , ,226
云中雪霁・左 , D022141L, , , ,227
金华秋逸・左 , D022142L, , , ,228
玄铠定毅・左 , D022143L, , , ,229
大彻空明・左 , D022144L, , , ,230
乌羽寒衣・左 , D022145L, , , ,231
繁花胜景・左 , D022146L, , , ,232
潜龙藏海・左 , D022147L, , , ,233
烈火阳炎・左 , D022148L, , , ,234
烽烟誓还・左 , D022149L, , , ,235
玉芷青仙・左 , D022150L, , , ,236
画韵点睛・左 , D022151L, , , ,237
御浪权天・左 , D022152L, , , ,238
孤锋映雪・左 , D022153L, , , ,239
银蛇曲影・左 , D022154L, , , ,240
江涛聚义・左 , D022155L, , , ,241
右肩挂件 , D022002R, , , ,1
金盏玄狐・浇血・右 , D022002R, , , ,1
金盏玄狐・琼楼・右 , D022002R, , , ,2
金盏玄狐・广昼・右 , D022002R, , , ,3
墨云革・浇血・右 , D022001R, , , ,4
墨云革・琼楼・右 , D022001R, , , ,5
墨云革・广昼・右 , D022001R, , , ,6
丹珠打蕊・愁天・右 , D022004R, , , ,7
丹珠打蕊・开河・右 , D022004R, , , ,8
丹珠打蕊・忱朝・右 , D022004R, , , ,9
云兮・勾划・右 , D022003R, , , ,10
云兮・卷尾・右 , D022003R, , , ,11
云兮・回峰・右 , D022003R, , , ,12
一簇柔・浮明・右 , D022005R, , , ,13
一簇柔・宁邃・右 , D022005R, , , ,14
一簇柔・皓空・右 , D022005R, , , ,15
莺歌流转・笙歌・右 , D022007R, , , ,16
莺歌流转・曼舞・右 , D022007R, , , ,17
莺歌流转・对酒・右 , D022007R, , , ,18
谢云流肩挂 , D022006R, , , ,19
金盏玄狐・浇血・右 , D022002R, , , ,1
丹珠打蕊・开河・右 , D022004R, , , ,8
墨云革・广昼・右 , D022001R, , , ,6
云兮・回峰・右 , D022003R, , , ,12
杏梨霜・漩流・右 , D022009R, , , ,20
杏梨霜・疏影・右 , D022009R, , , ,21
杏梨霜・武曲・右 , D022009R, , , ,22
迷花金叶・晨湖・右 , D022008R, , , ,23
迷花金叶・秋霜・右 , D022008R, , , ,24
迷花金叶・枫火・右 , D022008R, , , ,25
影琅钉・逐狱・右 , D022008R, , , ,26
赫连・晓・右 , D022011R, , , ,30
赫连・珠・右 , D022011R, , , ,31
赫连・莹・右 , D022011R, , , ,32
独孤・漠・右 , D022010R, , , ,27
独孤・殇・右 , D022010R, , , ,28
独孤・煌・右 , D022010R, , , ,29
衔龙・右 , D022012R, , , ,33
雀衣・右 , D022013R, , , ,34
飞花・右 , D022014R, , , ,35
雪神・右 , D022015R, , , ,36
粉黛・右 , D022016R, , , ,37
蒹葭・右 , D022017R, , , ,38
定情针・无怨・右 , D022018R, , , ,39
定情针・无悔・右 , D022018R, , , ,40
定情针・无思・右 , D022018R, , , ,41
鱼戏珠・钟鼓・右 , D022019R, , , ,42
鱼戏珠・馔玉・右 , D022019R, , , ,43
鱼戏珠・长醉・右 , D022019R, , , ,44
半蓬暮・溪川・右 , D022020R, , , ,45
半蓬暮・深森・右 , D022020R, , , ,46
半蓬暮・雪诗・右 , D022020R, , , ,47
灵皎・琉藏・右 , D022021R, , , ,48
灵皎・素入・右 , D022021R, , , ,49
灵皎・海青・右 , D022021R, , , ,50
穹中靥・丝握・右 , D022022R, , , ,51
穹中靥・浪驰・右 , D022022R, , , ,52
穹中靥・皑乐・右 , D022022R, , , ,53
芳中歇・素绢・右 , D022023R, , , ,54
芳中歇・耳语・右 , D022023R, , , ,55
芳中歇・潋滟・右 , D022023R, , , ,56
墨华翎・抒文・右 , D022024R, , , ,57
墨华翎・演武・右 , D022024R, , , ,58
墨华翎・通贾・右 , D022024R, , , ,59
流苏泪・空朔・右 , D022025R, , , ,60
流苏泪・勾弦・右 , D022025R, , , ,61
流苏泪・满望・右 , D022025R, , , ,62
紫芝岁华・执手・右 , D022027R, , , ,63
紫芝岁华・坐忘・右 , D022027R, , , ,64
紫芝岁华・情长・右 , D022027R, , , ,65
逐鹰拂海・长川・右 , D022026R, , , ,66
逐鹰拂海・云涯・右 , D022026R, , , ,67
逐鹰拂海・山河・右 , D022026R, , , ,68
篆花簇・鹧鸪・右 , D022029R, , , ,69
篆花簇・Z乌・右 , D022029R, , , ,70
篆花簇・子规・右 , D022029R, , , ,71
缟夜千古・峨眉・右 , D022030R, , , ,72
缟夜千古・相思・右 , D022030R, , , ,73
缟夜千古・烟黛・右 , D022030R, , , ,74
雁倚梦・入画・右 , D022034R, , , ,75
雁倚梦・裘歌・右 , D022034R, , , ,76
雁倚梦・朱砂・右 , D022034R, , , ,77
落梅三书・兰亭・右 , D022031R, , , ,78
落梅三书・鹊楼・右 , D022031R, , , ,79
落梅三书・桃源・右 , D022031R, , , ,80
彼岸云泥・三途・右 , D022033R, , , ,81
彼岸云泥・渺渺・右 , D022033R, , , ,82
彼岸云泥・弹指・右 , D022033R, , , ,83
紫藤香风・山亭・右 , D022032R, , , ,84
紫藤香风・绕廊・右 , D022032R, , , ,85
紫藤香风・结绶・右 , D022032R, , , ,86
龙光凌斗・居云・右 , D022035R, , , ,87
龙光凌斗・双头金・右 , D022035R, , , ,88
龙光凌斗・疾雨・右 , D022035R, , , ,89
琼心映月・兰陵・右 , D022036R, , , ,90
琼心映月・思源・右 , D022036R, , , ,91
琼心映月・风入窗・右 , D022036R, , , ,92
夜月秋香・秋露・右 , D022039R, , , ,96
色如霜・自慧・右 , D022037R, , , ,93
夜月秋香・桃香・右 , D022039R, , , ,97
夜月秋香・销光・右 , D022039R, , , ,98
色如霜・独宿・右 , D022037R, , , ,94
色如霜・江庐・右 , D022037R, , , ,95
兽魂・右 , D022040R, , , ,99
雀翎阑・荧光・右 , D022041R, , , ,100
雀翎阑・绛红・右 , D022041R, , , ,101
雀翎阑・湖绿・右 , D022041R, , , ,102
棠梨盛・桃月・右 , D022038R, , , ,103
棠梨盛・问菊・右 , D022038R, , , ,104
棠梨盛・霜风・右 , D022038R, , , ,105
九阙天影・右 , D022042R, , , ,106
云锦梦华・右 , D022043R, , , ,107
九阙天影・右 , D022042R, , , ,106
云锦梦华・右 , D022043R, , , ,107
七情莲・冷萧・右 , D022045R, , , ,108
七情莲・若芙・右 , D022045R, , , ,109
七情莲・碧空・右 , D022045R, , , ,110
冷香绕・轻绯・右 , D022044R, , , ,111
冷香绕・霜寒・右 , D022044R, , , ,112
冷香绕・缃黄・右 , D022044R, , , ,113
攀夜・焚伶・右 , D022047R, , , ,114
攀夜・勾慈・右 , D022047R, , , ,115
攀夜・太冥・右 , D022047R, , , ,116
蕊寒香深・凝云・右 , D022046R, , , ,117
蕊寒香深・福源・右 , D022046R, , , ,118
蕊寒香深・炼鸣・右 , D022046R, , , ,119
星河花散・落银・右 , D022050R, , , ,120
星河花散・融金・右 , D022050R, , , ,121
星河花散・暮缕・右 , D022050R, , , ,122
戏命巾・断命・右 , D022048R, , , ,123
戏命巾・讥运・右 , D022048R, , , ,124
戏命巾・辩思・右 , D022048R, , , ,125
倾城令・红翎斩・右 , D022049R, , , ,126
倾城令・玄霰・右 , D022049R, , , ,127
倾城令・雪歌・右 , D022049R, , , ,128
盘空嘤语・归歌・右 , D022054R, , , ,129
盘空嘤语・衔泥・右 , D022054R, , , ,130
盘空嘤语・炼云・右 , D022054R, , , ,131
北荒飙・金缕・右 , D022053R, , , ,132
北荒飙・形徵・右 , D022053R, , , ,133
北荒飙・宾戏・右 , D022053R, , , ,134
为结樱・花谛・右 , D022052R, , , ,135
为结樱・梦中・右 , D022052R, , , ,136
为结樱・锁菊・右 , D022052R, , , ,137
盘龙凤舞・右 , D022059R, , , ,138
盘龙凤舞・右 , D022059R, , , ,138
悬魂・沥水・右 , D022056R, , , ,139
悬魂・晓月・右 , D022056R, , , ,140
悬魂・晶明・右 , D022056R, , , ,141
燕南飞・宵度・右 , D022055R, , , ,142
燕南飞・寒降・右 , D022055R, , , ,143
燕南飞・云路・右 , D022055R, , , ,144
角鬼睛・隐天・右 , D022057R, , , ,145
角鬼睛・景阳・右 , D022057R, , , ,146
角鬼睛・激石・右 , D022057R, , , ,147
待・逢・右 , D022058R, , , ,148
待・逐・右 , D022058R, , , ,149
待・莲・右 , D022058R, , , ,150
毫光誓・右 , D022069R, , , ,162
初见香・右 , D022070R, , , ,163
血濡冰・右 , D022071R, , , ,164
帘卷梅・右 , D022072R, , , ,165
尘涯羽・右 , D022073R, , , ,166
露隐明・右 , D022074R, , , ,167
生莲贴・右 , D022075R, , , ,168
影摘情・右 , D022076R, , , ,169
迷梦翎・右 , D022064R, , , ,157
月伴燕・右 , D022065R, , , ,158
道鹤雪・右 , D022066R, , , ,159
火玲珑・右 , D022067R, , , ,160
夜征尘・右 , D022068R, , , ,161
风涛逝・倦歌・右 , D022061R, , , ,151
风涛逝・寒调・右 , D022061R, , , ,152
风涛逝・未阑・右 , D022061R, , , ,153
萍聚・红桥・右 , D022062R, , , ,154
萍聚・月明・右 , D022062R, , , ,155
萍聚・独冻・右 , D022062R, , , ,156
鹤影天青・右 , D022078R, , , ,170
鹤影天青・右 , D022078R, , , ,170
落月・剪姿・右 , D022079R, , , ,171
落月・倦和・右 , D022079R, , , ,172
落月・绮归・右 , D022079R, , , ,173
醉浮生・泠飞・右 , D022080R, , , ,174
醉浮生・琼窗・右 , D022080R, , , ,175
醉浮生・尘澜・右 , D022080R, , , ,176
珑玉・莲心・右 , D022081R, , , ,177
珑玉・丹霞・右 , D022081R, , , ,178
珑玉・含凤・右 , D022081R, , , ,179
战关山・残月・右 , D022083R, , , ,180
战关山・青戈・右 , D022083R, , , ,181
战关山・烽火・右 , D022083R, , , ,182
青霄浩气・右 , D022088R, , , ,183
未语・湖山・右 , D022077R, , , ,185
未语・颂影・右 , D022077R, , , ,186
未语・和光・右 , D022077R, , , ,187
叠风・云深・右 , D022082R, , , ,188
叠风・秋空・右 , D022082R, , , ,189
叠风・听松・右 , D022082R, , , ,190
天穹掠影・右 , D022090R, , , ,191
天穹掠影・右 , D022090R, , , ,191
北望天狼・右 , D022091R, , , ,192
北望天狼・右 , D022091R, , , ,192
含瑶・朔湖・右 , D022084R, , , ,194
含瑶・沁杉・右 , D022084R, , , ,195
含瑶・照越・右 , D022084R, , , ,196
折盏・拂光・右 , D022085R, , , ,197
折盏・沐晓・右 , D022085R, , , ,198
折盏・夕瑰・右 , D022085R, , , ,199
扬辰・妄端・右 , D022086R, , , ,200
扬辰・炎铮・右 , D022086R, , , ,201
扬辰・穹川・右 , D022086R, , , ,202
危绒・浮绪・右 , D022087R, , , ,203
危绒・谨漪・右 , D022087R, , , ,204
危绒・照迦・右 , D022087R, , , ,205
玄天覆雪・右 , D022105R, , , ,207
盘空嘤语・归歌・右 , D022054R, , , ,129
陌上窈窕・右 , D022116R, , , ,208
陌上窈窕・右 , D022116R, , , ,208
丹心彼岸・右 , D022102R, , , ,210
普渡莲华・右 , D022113R, , , ,214
鹤唳云霄・右 , D022114R, , , ,215
樱舞倾城・右 , D022121R, , , ,220
归燕衔春・右 , D022112R, , , ,213
霜风漫卷・右 , D022119R, , , ,218
落蝶惊梦・右 , D022117R, , , ,216
翠翎煌天・右 , D022122R, , , ,221
圣火耀月・右 , D022096R, , , ,209
龙隐苍山・右 , D022110R, , , ,212
融冰镇岳・右 , D022120R, , , ,219
琼花玉宇・右 , D022118R, , , ,217
凝冰绽雪・右 , D022106R, , , ,211
染墨千秋・右 , D022124R, , , ,222
剑歌惊月・右 , D022123R, , , ,223
浮屠明音・右 , D022131R, , , ,224
碧翎叠云・右 , D022132R, , , ,225
碧海云仙・右 , D022137R, , , ,226
云中雪霁・右 , D022141R, , , ,227
金华秋逸・右 , D022142R, , , ,228
玄铠定毅・右 , D022143R, , , ,229
大彻空明・右 , D022144R, , , ,230
乌羽寒衣・右 , D022145R, , , ,231
繁花胜景・右 , D022146R, , , ,232
潜龙藏海・右 , D022147R, , , ,233
烈火阳炎・右 , D022148R, , , ,234
烽烟誓还・右 , D022149R, , , ,235
玉芷青仙・右 , D022150R, , , ,236
画韵点睛・右 , D022151R, , , ,237
御浪权天・右 , D022152R, , , ,238
孤锋映雪・右 , D022153R, , , ,239
银蛇曲影・右 , D022154R, , , ,240
江涛聚义・右 , D022155R, , , ,241
测试披风 , D005042, , , ,1
蓑衣 , D005042, , , ,1
西山宝库・蓑衣 , D005042, , , ,1
情人枕・天下之雄 , D005101, , , ,2
飞狐 , D005101, , , ,2
定风波・君子如龙 , D005312a_站立, , , ,3
定风波・苍穹之握 , D005312b_站立, , , ,4
定风波・白虹惊天 , D005312c_站立, , , ,5
定风波・黑枭散羽 , D005312d_站立, , , ,6
定风波・烽火连城 , D005312e_站立, , , ,7
定风波・离魄幽梦 , D005312f_站立, , , ,8
蚩尤蓑 , D005140, , , ,9
留春令・千樱乱 , D005321f_站立, , , ,10
留春令・云叠浪 , D005321e_站立, , , ,11
留春令・祚白翎 , D005321d_站立, , , ,12
留春令・越沧溟 , D005321c_站立, , , ,13
留春令・绛纱蕴 , D005321_站立, , , ,14
留春令・栽火莲 , D005321b_站立, , , ,15
夏初临・霏雨延泽 , D005330a_站立, , , ,16
夏初临・一步银华 , D005330b_站立, , , ,17
夏初临・肆翼漆纱 , D005330c_站立, , , ,18
夏初临・枭皇浴火 , D005330d_站立, , , ,19
夏初临・深宵余梦 , D005330e_站立, , , ,20
夏初临・凰尾白绫 , D005330f_站立, , , ,21
漆夜・栽火莲 , D005321b_站立, , , ,22
墨翎歌・逐狱 , D005321d_站立, , , ,23
山河颂・周公御龙 , D005338a_站立, , , ,24
山河颂・青翎翠羽 , D005338b_站立, , , ,25
山河颂・云莲素荷 , D005338c_站立, , , ,26
山河颂・六翼流苏 , D005338d_站立, , , ,27
山河颂・剑意白虹 , D005338e_站立, , , ,28
山河颂・金池观鱼 , D005338f_站立, , , ,29
千秋岁・皎灵素媚 , D005355a_站立, , , ,30
千秋岁・琼御孤鸾 , D005355b_站立, , , ,31
千秋岁・钰瓣千华 , D005355c_站立, , , ,32
千秋岁・天火流丹 , D005355d_站立, , , ,33
千秋岁・天辉抱月 , D005355e_站立, , , ,34
千秋岁・暗夜星辰 , D005355f_站立, , , ,35
梅雪馨・浮刃飒沓 , D005378_站立, , , ,36
梅雪馨・河汉飞星 , D005379_站立, , , ,37
梅雪馨・红菱相忆 , D005380_站立, , , ,38
梅雪馨・暮紫须臾 , D005381_站立, , , ,39
梅雪馨・凤翎鸣冬 , D005382_站立, , , ,40
梅雪馨・鸿度几何 , D005383_站立, , , ,41
高唐云梦・青霄北斗 , D005417_站立, , , ,42
高唐云梦・秋渚夜雨 , D005418_站立, , , ,43
高唐云梦・落英解语 , D005419_站立, , , ,44
高唐云梦・桃源春晓 , D005421_站立, , , ,45
高唐云梦・锋芒傲骨 , D005422_站立, , , ,46
高唐云梦・兰陵幽思 , D005423_站立, , , ,47
宿世明光・皇穷绝封 , D005429_站立, , , ,48
宿世明光・血凰流火 , D005430_站立, , , ,49
宿世明光・月华织光 , D005433_站立, , , ,50
宿世明光・莹扇轻罗 , D005432_站立, , , ,51
宿世明光・血色惊鸿 , D005434_站立, , , ,52
宿世明光・紫烟薄云 , D005431_站立, , , ,53
金风玉露・山樱语 , D005450_站立, , , ,54
金风玉露・鹤梳翎 , D005451_站立, , , ,55
金风玉露・晴云紫氛 , D005452_站立, , , ,56
金风玉露・素玉鸾翔 , D005453_站立, , , ,57
金风玉露・澹烟生 , D005454_站立, , , ,58
金风玉露・青青子衿 , D005455_站立, , , ,59
云锦梦华・披风 , D005457a_站立, , , ,60
九阙天影・披风 , D005456a_站立, , , ,61
万态皆寐・黄龙乘云 , D006001_站立, , , ,62
万态皆寐・鎏金火凰 , D006002_站立, , , ,63
万态皆寐・栩栩蝶翼 , D006003_站立, , , ,64
万态皆寐・丛云凋雪 , D006004_站立, , , ,65
万态皆寐・丛云真意 , D006005_站立, , , ,66
万态皆寐・重缦轻罗 , D006006_站立, , , ,67
九阙天影・披风 , D005456a_站立, , , ,61
高唐云梦・锋芒傲骨 , D005422_站立, , , ,46
大千高华・玉树琼葩 , D006007_站立, , , ,70
大千高华・云汉月痕 , D006008_站立, , , ,71
大千高华・易水寒 , D006009_站立, , , ,72
大千高华・蝶偶嬉尘 , D006010_站立, , , ,73
大千高华・紫霄凤翎 , D006011_站立, , , ,74
大千高华・迷星黯渊 , D006012_站立, , , ,75
盘龙凤舞・披风 , D006014_站立, , , ,76
盘龙凤舞・披风 , D006014_站立, , , ,76
琼树玉堂・化翼归 , D006015_站立, , , ,77
琼树玉堂・枝妆曲 , D006016_站立, , , ,78
琼树玉堂・九重冥 , D006017_站立, , , ,79
琼树玉堂・几度春 , D006018_站立, , , ,80
琼树玉堂・雨流泉 , D006019_站立, , , ,81
琼树玉堂・明如雪 , D006020_站立, , , ,82
雪啸刚风 , D006021_站立, , , ,83
天火之眼 , D006022_站立, , , ,84
沉醉东风・玲珑意 , D006024_站立, , , ,85
沉醉东风・透碧宵 , D006025_站立, , , ,86
沉醉东风・千风羽 , D006026_站立, , , ,87
沉醉东风・飞凰乐 , D006027_站立, , , ,88
沉醉东风・业火劫 , D006028_站立, , , ,89
沉醉东风・琼芳引 , D006029_站立, , , ,90
鹤影天青・披风 , D006031_站立, , , ,91
鹤影天青・披风 , D006031_站立, , , ,91
赤羽逍遥・披风 , D006039M2_站立, , , ,93
青霄浩气・披风 , D006038M2_站立, , , ,92
长虹气・氅 , D006041M2_站立, , , ,95
青云意・袍 , D006040M2_站立, , , ,94
烟雨笙歌・庭棠疏帘 , D006032_站立, , , ,96
烟雨笙歌・天玄御影 , D006033_站立, , , ,97
烟雨笙歌・沧海飞尘 , D006034_站立, , , ,98
烟雨笙歌・汉宫飞鸾 , D006035_站立, , , ,99
烟雨笙歌・古亭镜花 , D006036_站立, , , ,100
烟雨笙歌・征鸿点苍 , D006037_站立, , , ,101
天穹掠影・披风 , D006045M1M2_站立, , , ,102
天穹掠影・披风 , D006045M1M2_站立, , , ,102
北望天狼・披风 , D006042M1M2_站立, , , ,103
北望天狼・披风 , D006042M1M2_站立, , , ,103
澜云意・披风 , D006047_站立, , , ,104
中秋・合体披风 , D006046b_站立, , , ,105
澜云意・披风 , D006047_站立, , , ,104
华焰披锦 , D006054_站立, , , ,107
玄天覆雪 , D006055_站立, , , ,108
山河入画・丹枫翊麾 , D006048_站立, , , ,109
山河入画・灼灼桃夭 , D006049_站立, , , ,110
山河入画・星河云梦 , D006050_站立, , , ,111
山河入画・点墨凝湘 , D006051_站立, , , ,112
山河入画・玄墨焰凰 , D006052_站立, , , ,113
山河入画・侧帽风流 , D006053_站立, , , ,114
楼兰遗梦・墨影 , D006056_站立, , , ,115
楼兰遗梦・流沙 , D006056_站立, , , ,116
锦堂画春・九天玄影 , D006057_站立, , , ,118
锦堂画春・千家烟雨 , D006058_站立, , , ,119
锦堂画春・瑞鹤仙羽 , D006059_站立, , , ,120
锦堂画春・烟雨岚山 , D006060_站立, , , ,121
锦堂画春・鸾歌凤舞 , D006061_站立, , , ,122
锦堂画春・云破月开 , D006062_站立, , , ,123
熔金烈风 , D006071_站立, , , ,117
陌上窈窕・披风 , D006064_站立, , , ,124
陌上窈窕・披风 , D006064_站立, , , ,124
染墨千秋・披风 , D006073M1M2_站立, , , ,125
剑歌惊月・披风 , D006075M1M2_站立, , , ,126
疏影幽冥・寒茫 , D006078_站立, , , ,127
疏影幽冥・落霄 , D006078b_站立, , , ,128
杯酒疏风・松鹤如谦 , D006065_站立, , , ,129
杯酒疏风・玉棠云盏 , D006068_站立, , , ,130
浮屠明音・披风 , D006080_站立, , , ,131
碧翎叠云・披风 , D006077_站立, , , ,132
鲤庭授道・九纹龙 , D006069a_站立, , , ,133
鲤庭授道・御殿樱 , D006069_站立, , , ,134
千秋岁・皎灵素媚 , D005355a_站立, , , ,30
千秋岁・琼御孤鸾 , D005355b_站立, , , ,31
千秋岁・钰瓣千华 , D005355c_站立, , , ,32
千秋岁・天火流丹 , D005355d_站立, , , ,33
千秋岁・天辉抱月 , D005355e_站立, , , ,34
千秋岁・暗夜星辰 , D005355f_站立, , , ,35
梅雪馨・浮刃飒沓 , D005378_站立, , , ,36
梅雪馨・河汉飞星 , D005379_站立, , , ,37
梅雪馨・红菱相忆 , D005380_站立, , , ,38
梅雪馨・暮紫须臾 , D005381_站立, , , ,39
梅雪馨・凤翎鸣冬 , D005382_站立, , , ,40
梅雪馨・鸿度几何 , D005383_站立, , , ,41
鲤庭授道・绯秋翠 , D006069b_站立, , , ,135
寒杀雪尘・披风 , D006066_站立, , , ,136
江山浮绛・披风 , D006067_站立, , , ,137
九幽惑心・诡风 , D006087_站立, , , ,138
九幽惑心・飞寐 , D006087b_站立, , , ,139
碧海云仙・披风 , D006093_站立, , , ,140
云中雪霁・披风 , D006094_站立, , , ,141
高唐云梦・桃源春晓 , D005421_站立, , , ,45
高唐云梦・锋芒傲骨 , D005422_站立, , , ,46
杳凝霜 , D003312, , , ,1
月兔归 , D003313, , , ,2
雪月交晖・佩囊 , D003316b, , , ,3
雪月交晖・佩囊 , D003316b, , , ,3
步铃吟 , D003336, , , ,4
沐望乡 , D003337, , , ,5
幽舞华芳・佩囊 , D003348b, , , ,6
测试马道具2 , Horse_02_01b_01, , , ,2
劣黄马 , Horse, Horse_01_body, , ,12
劣青马 , Horse, Horse_01_body, , ,13
劣红马 , Horse, Horse_01_body, , ,11
青骢 , Horse, Horse_06_body, , ,16
黄骠 , Horse, Horse_06_body, , ,15
红骊 , Horse, Horse_06_body, , ,14
忽雷驳 , Horse, Horse_04_body, , ,24
月绝影 , Horse, Horse_03_body, , ,23
照夜白 , Horse, Horse_03_body, , ,20
望云骓 , Horse, Horse_04_body, , ,21
绝地 , Horse, Horse_02_body, , ,17
越影 , Horse, Horse_02_body, , ,19
翻羽 , Horse, Horse_02_body, , ,18
龙骧 , Horse, Horse_08_body, , ,22
红鸣马 , Horse, Horse_01_body, , ,11
乌云踏雪 , Horse_01_01a_00, , , ,0
桃李马 , Horse, Horse_01_body, , ,11
110%赛场租马 , Horse, Horse_08_body, , ,22
生皮鞍饰 , Horse_01_01a_00, , , ,0
生皮头饰 , Horse_01_01a_00, , , ,0
生皮胸饰 , Horse_01_01a_00, , , ,0
熟化皮足饰 , Horse_01_01a_00, , , ,0
熟化皮鞍饰 , Horse_01_01a_00, , , ,0
熟化皮头饰 , Horse_01_01a_00, , , ,0
熟化皮胸饰 , Horse_01_01a_00, , , ,0
厚皮足饰 , Horse_01_01a_00, , , ,0
夜奔腾 , Horse, Horse_02_body, , ,19
厚皮头饰 , Horse_01_01a_00, , , ,0
厚皮胸饰 , Horse_01_01a_00, , , ,0
铁制鞍具 , Horse_01_01a_00, , , ,0
赤焰马 , Horse, Horse_06_body, , ,16
踏炎乌骓・腾云 , Horse, Horse_14_body, , ,31
铁纹障泥 , Horse_01_01a_00, , , ,0
铁皮足饰 , Horse_01_01a_00, , , ,0
铁皮鞍饰 , Horse_01_01a_00, , , ,0
铁皮头饰 , Horse_01_01a_00, , , ,0
铁皮胸饰 , Horse_01_01a_00, , , ,0
硬甲足饰 , Horse_01_01a_00, , , ,0
硬甲鞍饰 , Horse_01_01a_00, , , ,0
硬甲头饰 , Horse_01_01a_00, , , ,0
硬甲胸饰 , Horse_01_01a_00, , , ,0
生铁足饰 , Horse_01_01a_00, , , ,0
生铁鞍饰 , Horse_01_01a_00, , , ,0
生铁头饰 , Horse_01_01a_00, , , ,0
生铁胸饰 , Horse_01_01a_00, , , ,0
云渊足饰 , Horse_01_01a_00, , , ,0
云渊鞍饰 , Horse_01_01a_00, , , ,0
云渊头饰 , Horse_01_01a_00, , , ,0
云渊胸饰 , Horse_01_01a_00, , , ,0
太白仙鹿 , A018f, , , ,102
黑风 , Horse, Horse_02_body, , ,19
燎原火 , Horse, Horse_08_body, , ,22
小毛驴 , A048b, A048b_body, , ,101
染血足饰 , Horse_01_01a_00, , , ,0
太白仙鹿 , A018f, , , ,102
染血头饰 , Horse_01_01a_00, , , ,0
染血胸饰 , Horse_01_01a_00, , , ,0
精铁足饰 , Horse_01_01a_00, , , ,0
精铁鞍饰 , Horse_01_01a_00, , , ,0
精铁头饰 , Horse_01_01a_00, , , ,0
精铁胸饰 , Horse_01_01a_00, , , ,0
银龙笼套 , Horse_01_01a_00, , , ,0
银龙蹄铁 , Horse_01_01a_00, , , ,0
银龙鞍具 , Horse_01_01a_00, , , ,0
银龙障泥 , Horse_01_01a_00, , , ,0
小桃红 , Horse, Horse_01_body, , ,11
银铃 , A047h, , , ,106
渡情 , WJ_jt竹筏坐骑002, , , ,107
神机・木轮 , WJ_独轮车001, , , ,108
白蹄乌 , Horse, Horse_05_body, , ,26
腾雾奔 , Horse, Horse_10_body, , ,27
翼翻羽 , Horse, Horse_09_body, , ,28
逾辉耀 , Horse, Horse_12_body, , ,29
精骑足饰 , Horse_01_01a_00, , , ,0
精骑鞍饰 , Horse_01_01a_00, , , ,0
精骑头饰 , Horse_01_01a_00, , , ,0
精骑胸饰 , Horse_01_01a_00, , , ,0
银风笼套 , Horse_01_01a_00, , , ,0
银风蹄铁 , Horse_01_01a_00, , , ,0
银风鞍具 , Horse_01_01a_00, , , ,0
银风障泥 , Horse_01_01a_00, , , ,0
黑云笼套 , Horse_01_01a_00, , , ,0
黑云蹄铁 , Horse_01_01a_00, , , ,0
黑云鞍具 , Horse_01_01a_00, , , ,0
黑云障泥 , Horse_01_01a_00, , , ,0
黑炎足饰 , Horse_01_01a_00, , , ,0
黑炎足饰 , Horse_01_01a_00, , , ,0
黑炎足饰 , Horse_01_01a_00, , , ,0
黑炎足饰 , Horse_01_01a_00, , , ,0
踏血足饰 , Horse_01_01a_00, , , ,0
踏血鞍饰 , Horse_01_01a_00, , , ,0
踏血头饰 , Horse_01_01a_00, , , ,0
踏血胸饰 , Horse_01_01a_00, , , ,0
腾雾 , Horse, Horse_08_body, , ,22
照夜白 , Horse, Horse_03_body, , ,20
望云骓 , Horse, Horse_04_body, , ,21
素月 , Horse, Horse_07_body, , ,25
黑影足饰 , Horse_01_01a_00, , , ,0
黑影鞍饰 , Horse_01_01a_00, , , ,0
黑影头饰 , Horse_01_01a_00, , , ,0
黑影胸饰 , Horse_01_01a_00, , , ,0
西山秘宝・虚位交椅 , WJ_椅子坐骑001, , , ,104
霜夜驹 , Horse, Horse_11_body, , ,30
铁疾 , Horse, Horse_08_body, , ,22
西山秘宝・虚空交椅 , WJ_椅子坐骑002, , , ,105
汗血宝马 , Horse, Horse_08_body, , ,22
浮云 , Horse, Horse_03_body, , ,20
浮云 , Horse, Horse_03_body, , ,20
浮云 , Horse, Horse_03_body, , ,20
浮云 , Horse, Horse_03_body, , ,20
浮云 , Horse, Horse_03_body, , ,20
浮云 , Horse, Horse_03_body, , ,20
浮云 , Horse, Horse_03_body, , ,20
浮云 , Horse, Horse_03_body, , ,20
浮云 , Horse, Horse_03_body, , ,20
赤电 , Horse, Horse_08_body, , ,22
赤电 , Horse, Horse_08_body, , ,22
赤电 , Horse, Horse_08_body, , ,22
赤电 , Horse, Horse_08_body, , ,22
赤电 , Horse, Horse_08_body, , ,22
赤电 , Horse, Horse_08_body, , ,22
赤电 , Horse, Horse_08_body, , ,22
赤电 , Horse, Horse_08_body, , ,22
赤电 , Horse, Horse_08_body, , ,22
绝群 , Horse, Horse_03_body, , ,23
绝群 , Horse, Horse_03_body, , ,23
绝群 , Horse, Horse_03_body, , ,23
绝群 , Horse, Horse_03_body, , ,23
绝群 , Horse, Horse_03_body, , ,23
绝群 , Horse, Horse_03_body, , ,23
绝群 , Horse, Horse_03_body, , ,23
绝群 , Horse, Horse_03_body, , ,23
绝群 , Horse, Horse_03_body, , ,23
逸骠 , Horse, Horse_10_body, , ,27
逸骠 , Horse, Horse_10_body, , ,27
逸骠 , Horse, Horse_10_body, , ,27
逸骠 , Horse, Horse_10_body, , ,27
逸骠 , Horse, Horse_10_body, , ,27
逸骠 , Horse, Horse_10_body, , ,27
逸骠 , Horse, Horse_10_body, , ,27
逸骠 , Horse, Horse_10_body, , ,27
逸骠 , Horse, Horse_10_body, , ,27
紫燕骝 , Horse, Horse_02_body, , ,18
紫燕骝 , Horse, Horse_02_body, , ,18
紫燕骝 , Horse, Horse_02_body, , ,18
紫燕骝 , Horse, Horse_02_body, , ,18
紫燕骝 , Horse, Horse_02_body, , ,18
紫燕骝 , Horse, Horse_02_body, , ,18
紫燕骝 , Horse, Horse_02_body, , ,18
紫燕骝 , Horse, Horse_02_body, , ,18
紫燕骝 , Horse, Horse_02_body, , ,18
绿螭骢 , Horse, Horse_02_body, , ,19
绿螭骢 , Horse, Horse_02_body, , ,19
绿螭骢 , Horse, Horse_02_body, , ,19
绿螭骢 , Horse, Horse_02_body, , ,19
绿螭骢 , Horse, Horse_02_body, , ,19
绿螭骢 , Horse, Horse_02_body, , ,19
绿螭骢 , Horse, Horse_02_body, , ,19
绿螭骢 , Horse, Horse_02_body, , ,19
绿螭骢 , Horse, Horse_02_body, , ,19
龙子 , Horse, Horse_04_body, , ,24
龙子 , Horse, Horse_04_body, , ,24
龙子 , Horse, Horse_04_body, , ,24
龙子 , Horse, Horse_04_body, , ,24
龙子 , Horse, Horse_04_body, , ,24
龙子 , Horse, Horse_04_body, , ,24
麟驹 , Horse, Horse_09_body, , ,28
麟驹 , Horse, Horse_09_body, , ,28
麟驹 , Horse, Horse_09_body, , ,28
麟驹 , Horse, Horse_09_body, , ,28
麟驹 , Horse, Horse_09_body, , ,28
麟驹 , Horse, Horse_09_body, , ,28
绝尘 , Horse, Horse_07_body, , ,25
绝尘 , Horse, Horse_07_body, , ,25
绝尘 , Horse, Horse_07_body, , ,25
绝尘 , Horse, Horse_07_body, , ,25
绝尘 , Horse, Horse_07_body, , ,25
绝尘 , Horse, Horse_07_body, , ,25
赤蛇 , Horse, Horse_02_body, , ,17
赤蛇 , Horse, Horse_02_body, , ,17
赤蛇 , Horse, Horse_02_body, , ,17
赤蛇 , Horse, Horse_02_body, , ,17
赤蛇 , Horse, Horse_02_body, , ,17
赤蛇 , Horse, Horse_02_body, , ,17
闪电 , Horse, Horse_11_body, , ,30
闪电 , Horse, Horse_11_body, , ,30
闪电 , Horse, Horse_11_body, , ,30
闪电 , Horse, Horse_11_body, , ,30
闪电 , Horse, Horse_11_body, , ,30
闪电 , Horse, Horse_11_body, , ,30
里飞沙・踏秋 , Horse, Horse_12_body, , ,29
里飞沙・踏秋 , Horse, Horse_12_body, , ,29
里飞沙・踏秋 , Horse, Horse_12_body, , ,29
里飞沙・踏秋 , Horse, Horse_12_body, , ,29
里飞沙・踏秋 , Horse, Horse_12_body, , ,29
里飞沙・踏秋 , Horse, Horse_12_body, , ,29
里飞沙・踏秋 , Horse, Horse_12_body, , ,29
里飞沙・踏秋 , Horse, Horse_12_body, , ,29
里飞沙・踏秋 , Horse, Horse_12_body, , ,29
里飞沙・踏秋 , Horse, Horse_12_body, , ,29
里飞沙・踏秋 , Horse, Horse_12_body, , ,29
里飞沙・踏秋 , Horse, Horse_12_body, , ,29
斑骓 , Horse, Horse_01_body, , ,13
斑骓 , Horse, Horse_01_body, , ,13
斑骓 , Horse, Horse_01_body, , ,13
滇池驹  , Horse, Horse_10_body, , ,27
滇池驹  , Horse, Horse_10_body, , ,27
滇池驹  , Horse, Horse_10_body, , ,27
鹊桥飞星 , Horse, Horse_03_body, , ,32
绝尘 , Horse, Horse_07_body, , ,25
绝尘 , Horse, Horse_07_body, , ,25
绝尘 , Horse, Horse_07_body, , ,25
赤蛇 , Horse, Horse_02_body, , ,17
赤蛇 , Horse, Horse_02_body, , ,17
赤蛇 , Horse, Horse_02_body, , ,17
闪电 , Horse, Horse_11_body, , ,30
闪电 , Horse, Horse_11_body, , ,30
闪电 , Horse, Horse_11_body, , ,30
里飞沙・踏秋 , Horse, Horse_12_body, , ,29
里飞沙・踏秋 , Horse, Horse_12_body, , ,29
里飞沙・踏秋 , Horse, Horse_12_body, , ,29
双峰驼・祥祥 , camel_00, , , ,65
逸骠 , Horse, Horse_10_body, , ,27
杏花雨 , A047g, , , ,103
青海骢・黯月 , Horse, Horse_07_body, , ,34
青海骢・丹澜 , Horse, Horse_08_body, , ,35
青海骢・黄龙 , Horse, Horse_10_body, , ,36
西山秘宝・虚位交椅 , WJ_椅子坐骑001, , , ,104
西山秘宝・虚空交椅 , WJ_椅子坐骑002, , , ,105
鸾 , WJ_天灯001, , , ,109
不知道什么西东 , WJ_天灯001, , , ,110
丛纹暗雪 , A001r, , , ,112
火眼白蹄 , A002o, , , ,111
赤兔・飞虹 , Horse, Horse_29_body, , ,37
赤兔・飞虹 , Horse, Horse_29_body, , ,37
赤兔・飞虹 , Horse, Horse_29_body, , ,37
赤兔・飞虹 , Horse, Horse_29_body, , ,37
赤兔・飞虹 , Horse, Horse_29_body, , ,37
赤兔・飞虹 , Horse, Horse_29_body, , ,37
赤兔・飞虹 , Horse, Horse_29_body, , ,37
赤兔・飞虹 , Horse, Horse_29_body, , ,37
赤兔・飞虹 , Horse, Horse_29_body, , ,37
赤兔・飞虹 , Horse, Horse_29_body, , ,37
赤兔・飞虹 , Horse, Horse_29_body, , ,37
赤兔・飞虹 , Horse, Horse_29_body, , ,37
月伴晨星 , WJ_天灯001b, , , ,113
咫尺天涯 , WJ_驴车001, , , ,115
卷黄尘 , A091, , , ,116
里飞沙・晴扬 , Horse, Horse_12_body, , ,29
里飞沙・西风 , Horse, Horse_12_body, , ,29
里飞沙・流影 , Horse, Horse_12_body, , ,29
里飞沙・邀月 , Horse, Horse_12_body, , ,29
里飞沙・断尘 , Horse, Horse_12_body, , ,29
里飞沙・归云 , Horse, Horse_12_body, , ,29
里飞沙・携岚 , Horse, Horse_12_body, , ,29
里飞沙・轻云 , Horse, Horse_12_body, , ,29
里飞沙・沉烟 , Horse, Horse_12_body, , ,29
里飞沙・逝烟 , Horse, Horse_12_body, , ,29
里飞沙・渺梦 , Horse, Horse_12_body, , ,29
里飞沙・风逝 , Horse, Horse_12_body, , ,29
里飞沙・初心 , Horse, Horse_12_body, , ,29
里飞沙・飞柳 , Horse, Horse_12_body, , ,29
里飞沙・邂逅 , Horse, Horse_12_body, , ,29
赤兔・踏夕 , Horse, Horse_29_body, , ,37
赤兔・衍羽 , Horse, Horse_29_body, , ,37
赤兔・醉月 , Horse, Horse_29_body, , ,37
赤兔・丹心 , Horse, Horse_29_body, , ,37
赤兔・怒风 , Horse, Horse_29_body, , ,37
赤兔・长歌 , Horse, Horse_29_body, , ,37
赤兔・不灭 , Horse, Horse_29_body, , ,37
赤兔・骤风 , Horse, Horse_29_body, , ,37
赤兔・红尘 , Horse, Horse_29_body, , ,37
赤兔・道轻 , Horse, Horse_29_body, , ,37
赤兔・青阳 , Horse, Horse_29_body, , ,37
赤兔・扬沙 , Horse, Horse_29_body, , ,37
西风瘦・追星 , Horse, Horse_03_body, , ,39
西风瘦・炎流 , Horse, Horse_04_body, , ,40
西风瘦・烛银 , Horse, Horse_15_body, , ,41
踏炎乌骓・不羁 , Horse, Horse_14_body, , ,31
踏炎乌骓・横天 , Horse, Horse_14_body, , ,31
踏炎乌骓・霸地 , Horse, Horse_14_body, , ,31
百年苍郁 , A097, , , ,117
决波瑜 , Horse, Horse_10_body, , ,27
星河清梦 , WJ_画舫001, , , ,118
抵角同心 , WJ_羊车坐骑001, , , ,119
神机・丹鸾 , WJ_独轮车002, , , ,120
金翅苍宇雕 , A103d, , , ,121
金翅苍宇雕 , A103c, , , ,122
金翅苍宇雕 , A103, , , ,123
西风瘦・逐狱 , Horse, Horse_05_body, , ,42
霸红尘 , Horse, Horse_17_body, , ,43
千里炎龙 , Horse_31_机甲马, , , ,124
点星 , Horse, Horse_03_body, , ,23
紫霜 , Horse, Horse_02_body, , ,18
银环 , Horse, Horse_11_body, , ,30
赤风 , Horse, Horse_06_body, , ,14
飞霞骠・惊帆 , Horse, Horse_18_body, , ,44
飞霞骠・黑云 , Horse, Horse_19_body, , ,45
飞霞骠・破阵 , Horse, Horse_20_body, , ,46
雷首飞电・步景 , Horse, Horse_21_body, , ,47
踏山河 , Horse, Horse_12_body, , ,29
越胡尘 , Horse, Horse_11_body, , ,30
红匣舆 , WJ_马拉车001, , , ,125
雷首飞电・惊辰 , Horse, Horse_21_body, , ,47
雷首飞电・驰辉 , Horse, Horse_21_body, , ,47
雷首飞电・逾虹 , Horse, Horse_21_body, , ,47
雪负苍山 , A110, , , ,126
过时的马具 , Horse_01_01a_00, , , ,0
与子同乘・看花归 , WJ_驴车002, , , ,68
乌鬃踏焰驹 , Horse, Horse_01_body, , ,69
翔月 , Horse_30_body, , , ,127
玄焰 , Horse_31_body, , , ,128
红罗舸 , WJ_画舫002, , , ,70
赤珠飞电・疾风 , Horse, Horse_21_body, , ,48
赤珠飞电・比翼 , Horse, Horse_21_body, , ,48
赤珠飞电・逐浪 , Horse, Horse_21_body, , ,48
赤珠飞电・燎原 , Horse, Horse_21_body, , ,48
赤珠飞电・惊雷 , Horse, Horse_21_body, , ,48
赤珠飞电・碎岩 , Horse, Horse_21_body, , ,48
雪负苍山 , A110, , , ,126
鹿归雪明 , WJ_鹿车坐骑001, , , ,71
白云乡  , WJ_单人椅子001, , , ,129
落雁山君 , A001rb, , , ,131
傲啸恶念 , A002ob, , , ,130
狼烽夜宴 , WJ_狼车坐骑001, , , ,74
乌蹄抱月 , Horse, Horse_61_body, , ,49
占坑 , Horse_01_01a_00, , , ,0
龙舟・隐者 , WJ_龙舟001, , , ,72
龙舟・游侠 , WJ_龙舟001, , , ,72
兰芷风烟 , WJ_木船003, , , ,73
测试驴车 , WJ_狼车坐骑001, , , ,74
丛纹暗雪 , A001r, , , ,112
火眼白蹄 , A002o, , , ,111
落雁山君 , A001rb, , , ,131
傲啸恶念 , A002ob, , , ,130
银月金虹 , WJ_飞机马车001, , , ,134
子夜墨歌 , Horse_32_body, , , ,132
照夜白龙 , Horse_33_body, , , ,133
流火夔牛 , A047i, A047i_body, , ,136
西山秘宝・驰电掣风 , WJ_马车坐骑001, , , ,75
西山秘宝・黛篁鸾舆 , WJ_马车坐骑002, , , ,76
土瓦 , Horse_01_01a_01, , , ,1
沙千旋 , Horse_04_02a_02, , , ,4
黄龙 , Horse05_新手村白马, , , ,56
翻羽抹云驹 , Horse, Horse_09_body, , ,77
翻羽抹云驹 , Horse, Horse_09_body, , ,77
翻羽抹云驹 , Horse, Horse_09_body, , ,77
翻羽抹云驹 , Horse, Horse_09_body, , ,77
翻羽抹云驹 , Horse, Horse_09_body, , ,77
翻羽抹云驹 , Horse, Horse_09_body, , ,77
乘雀揽星 , WJ_热气球001, , , ,137
融雪 , Horse, Horse_07_body, , ,25
飞花镂月 , WJ_绣球01_HD, WJ_绣球01_body_HD, , ,156
红梅悬芳 , Horse70, , , ,142
流徽玄枝 , Horse71, , , ,143
墨染琳琅 , A101, A101_body, , ,144
飞天小鲤 , WJ_儿童节飞机001, , , ,145
骆驼 , camel_00, , , ,146
羊飞沙 , WJ_天灯001c, , , ,147
龙舟・追风 , WJ_龙舟002, , , ,148
停云雪霁・初弦 , WJ_花舟001, , , ,152
停云雪霁・凌霜 , WJ_花舟003, , , ,150
停云雪霁・揽梦 , WJ_花舟004, , , ,151
停云雪霁・终宵 , WJ_花舟002, , , ,153
莲华疏卷 , Horse_34_body, , , ,154
清砚碎雪  , Horse_35_body, , , ,155
画境仙游 , WJ_画舫004_HD, WJ_画舫004_body_HD, , ,158
戎车・祈战 , ZQ_阵营马车001_HD, , , ,159
戎车・曜师 , ZQ_阵营马车002_HD, , , ,160
业火封狼 , A002oc, , , ,161
开明参虎 , A001y, , , ,162
雪橇 , ZQ_xueqiao01, , , ,163
雪橇 , ZQ_xueqiao01, , , ,164
玉鸾临渊・千灯 , WJ_天灯004b_HD, , , ,168
风荷野趣・归乡 , ZQ_dlc驴车01_HD, , , ,166
山河定・胡不归 , ZQ_dlc担架01_HD, , , ,165
淬锋暗旗・逐影 , ZQ_dlc独轮车03, , , ,167
龙g , A186_HD, , , ,169
铁纹兽皮笼套 , Horse_01_hand, , ,,10
银龙笼套 , Horse_04_hand, , ,,11
银风笼套 , Horse_05_hand, , ,,23
黑云笼套 , Horse_05_hand, , ,,24
生皮头饰 , Horse_00_hand, , ,,1
生皮头饰 , Horse_00_hand, , ,,1
熟化皮头饰 , Horse_00_hand, , ,,2
厚皮头饰 , Horse_00_hand, , ,,3
耀华头饰 , Horse_14_hand, , ,,26
铁皮头饰 , Horse_01_hand, , ,,4
硬甲头饰 , Horse_01_hand, , ,,5
生铁头饰 , Horse_01_hand, , ,,6
云渊头饰 , Horse_02_hand, , ,,7
碧海头饰 , Horse_02_hand, , ,,8
染血头饰 , Horse_02_hand, , ,,9
精铁头饰 , Horse_01_hand, , ,,5
银龙笼套 , Horse_04_hand, , ,,11
暗金头饰 , Horse_13_hand, , ,,25
赤尘头饰 , Horse_09_hand, , ,,20
精骑头饰 , Horse_09_hand, , ,,19
阿湿矩沙头饰 , Horse_08_hand, , ,,27
月骐头饰 , Horse_07_hand, , ,,15
幽骥头饰 , Horse_07_hand, , ,,16
明焕头饰 , Horse_07_hand, , ,,17
战魂头饰 , Horse_10_hand, , ,,28
黑风头饰 , Horse_02_hand, , ,,22
亮翼头饰 , Horse_15_hand, , ,,29
铁甲头饰 , Horse_25_hand, , ,,30
银蛟头饰 , Horse_25_hand, , ,,30
红莲头饰 , Horse_12_hand, , ,,31
橙风头饰 , Horse_19_hand, , ,,32
踏炎头饰 , Horse_27_hand, , ,,33
啸云头饰 , Horse_25_hand, , ,,34
魅影头饰 , Horse_25_hand, , ,,35
血烟金风头饰 , Horse_17_hand, , ,,36
奔雷头饰 , Horse_11_hand, , ,,18
黛蓝头饰 , Horse_29_hand, , ,,37
凤仪头饰 , Horse_31_hand, , ,,38
龙骧头饰 , Horse_31_hand, , ,,40
龙威头饰 , Horse_31_hand, , ,,39
问天・日头饰 , Horse_30_hand, , ,,41
问天・月头饰 , Horse_30_hand, , ,,42
问天・星头饰 , Horse_30_hand, , ,,43
问天・辰头饰 , Horse_30_hand, , ,,44
游旷・朝头饰 , Horse_32_hand, , ,,45
游旷・午头饰 , Horse_32_hand, , ,,46
游旷・宵头饰 , Horse_32_hand, , ,,47
灵谷・珉头饰 , Horse_33_hand, , ,,48
灵谷・火头饰 , Horse_33_hand, , ,,49
灵谷・银头饰 , Horse_33_hand, , ,,50
银蛇头饰 , Horse_25_hand, , ,,30
烈鬃・映霞头饰 , Horse_34_hand, , ,,51
烈鬃・汇海头饰 , Horse_34_hand, , ,,52
烈鬃・凝冰头饰 , Horse_34_hand, , ,,53
黛羽・游星头饰 , Horse_35_hand, , ,,54
黛羽・戏斗头饰 , Horse_35_hand, , ,,55
黛羽・沉浮头饰 , Horse_35_hand, , ,,56
金眼枭翼头饰 , Horse_36_hand, , ,,57
赤胆龙舌头饰 , Horse_36_hand, , ,,58
玄鳞胄・犀甲头饰 , Horse_37_hand, , ,,59
玄鳞胄・龙背头饰 , Horse_37_hand, , ,,60
玄鳞胄・虎尾头饰 , Horse_37_hand, , ,,61
繁结简穗・京花头饰 , Horse_38_hand, , ,,62
繁结简穗・携酒头饰 , Horse_38_hand, , ,,63
繁结简穗・长风头饰 , Horse_38_hand, , ,,64
天湖洗夜・阑珊头饰 , Horse_39_hand, , ,,65
天湖洗夜・穹盖头饰 , Horse_39_hand, , ,,66
天湖洗夜・清影头饰 , Horse_39_hand, , ,,67
银戈游纹・昔影头饰 , Horse_40_hand, , ,,68
银戈游纹・日暮头饰 , Horse_40_hand, , ,,69
银戈游纹・残霞头饰 , Horse_40_hand, , ,,70
披绢携采・浑天头饰 , Horse_41_hand, , ,,71
披绢携采・广陆头饰 , Horse_41_hand, , ,,72
披绢携采・凝渊头饰 , Horse_41_hand, , ,,73
问天・侠头饰 , Horse_30_hand, , ,,75
游旷・侠头饰 , Horse_32_hand, , ,,74
风行无殇头饰 , Horse_42_hand, , ,,76
逆骨藏忠・深壑头饰 , Horse_43_hand, , ,,77
逆骨藏忠・幽海头饰 , Horse_43_hand, , ,,78
逆骨藏忠・欲炎头饰 , Horse_43_hand, , ,,79
八荒凌苍・青冥头饰 , Horse_44_hand, , ,,80
八荒凌苍・峥嵘头饰 , Horse_44_hand, , ,,81
八荒凌苍・雷霆头饰 , Horse_44_hand, , ,,82
姑射乘风・泛歌头饰 , Horse_45_hand, , ,,83
姑射乘风・明灭头饰 , Horse_45_hand, , ,,84
姑射乘风・轩昂头饰 , Horse_45_hand, , ,,85
逐皇逍遥・把酒头饰废弃 , Horse_46_hand, , ,,86
逐皇逍遥・流风头饰 , Horse_46_hand, , ,,87
逐皇逍遥・锐锋头饰 , Horse_46_hand, , ,,88
荆门远渡・大荒头饰 , Horse_47_hand, , ,,89
荆门远渡・平野头饰 , Horse_47_hand, , ,,90
荆门远渡・八阵头饰 , Horse_47_hand, , ,,91
恃风雷・燕山赤月头饰 , Horse_48_hand, , ,,92
恃风雷・可横行头饰 , Horse_48_hand, , ,,93
恃风雷・随卿侧头饰 , Horse_48_hand, , ,,94
意尽归・观虹头饰 , Horse_49_hand, , ,,95
意尽归・闻香头饰 , Horse_49_hand, , ,,96
意尽归・浮潮头饰 , Horse_49_hand, , ,,97
万象森罗・群青头饰 , Horse_50_hand, , ,,98
万象森罗・苍黑头饰 , Horse_50_hand, , ,,99
万象森罗・黛山头饰 , Horse_50_hand, , ,,100
逐皇逍遥・把酒头饰 , Horse_46_hand, , ,,86
晗辉・玄昊头饰 , Horse_52_hand, , ,,101
晗辉・碧天头饰 , Horse_52_hand, , ,,102
晗辉・赤焰头饰 , Horse_52_hand, , ,,103
蛟鳞・吹尘头饰 , Horse_54_hand, , ,,104
蛟鳞・跃海头饰 , Horse_54_hand, , ,,105
蛟鳞・血浪头饰 , Horse_54_hand, , ,,106
载雷织鸣・震头饰 , Horse_51_hand, , ,,107
载雷织鸣・逝头饰 , Horse_51_hand, , ,,108
载雷织鸣・宿头饰 , Horse_51_hand, , ,,109
覆雨翻云・焚香渡头饰 , Horse_53_hand, , ,,110
覆雨翻云・冻西风头饰 , Horse_53_hand, , ,,111
覆雨翻云・青帘幕头饰 , Horse_53_hand, , ,,112
影流森・负风头饰 , Horse_55_hand, , ,,113
影流森・枣烟头饰 , Horse_55_hand, , ,,114
影流森・灰灭头饰 , Horse_55_hand, , ,,115
九皋觅光・虹翼头饰 , Horse_56_hand, , ,,116
九皋觅光・载雪头饰 , Horse_56_hand, , ,,117
九皋觅光・穿林头饰 , Horse_56_hand, , ,,118
江海渡川・落日头饰 , Horse_57_hand, , ,,119
江海渡川・雪海头饰 , Horse_57_hand, , ,,120
江海渡川・风夜头饰 , Horse_57_hand, , ,,121
苍魔・为别头饰 , Horse_58_hand, , ,,122
苍魔・寒鸣头饰 , Horse_58_hand, , ,,123
苍魔・沉彩头饰 , Horse_58_hand, , ,,124
潜容・月烨头饰 , Horse_59_hand, , ,,125
潜容・怅散头饰 , Horse_59_hand, , ,,126
潜容・青池头饰 , Horse_59_hand, , ,,127
千秋飒踏・头饰 , Horse_61_hand, , ,,128
横云意・熙庭头饰 , Horse_60_hand, , ,,129
横云意・袖荫头饰 , Horse_60_hand, , ,,130
横云意・燕川头饰 , Horse_60_hand, , ,,131
星流飞影・凝朔头饰 , Horse_62_hand, , ,,132
星流飞影・撷星头饰 , Horse_62_hand, , ,,133
星流飞影・走龙头饰 , Horse_62_hand, , ,,134
步流光・露华・头饰 , Horse_63_hand, , ,,135
步流光・探春・头饰 , Horse_63_hand, , ,,136
步流光・催雪・头饰 , Horse_63_hand, , ,,137
惊风玄梦・思弦・头饰 , Horse_64_hand, , ,,138
惊风玄梦・湘远・头饰 , Horse_64_hand, , ,,139
惊风玄梦・茗桓・头饰 , Horse_64_hand, , ,,140
御风游・尺寒・头饰 , Horse_65_hand, , ,,141
御风游・苍舟・头饰 , Horse_65_hand, , ,,142
御风游・泽晖・头饰 , Horse_65_hand, , ,,143
飞星飒沓・头饰 , Horse_68_hand, , ,,144
千骑踏尘・头饰 , Horse_67_hand, , ,,146
银鞍玄采・头饰 , Horse_66_hand, , ,,147
红梅悬芳・头饰 , Horse_70_hand, , ,,148
流徽玄枝・头饰 , Horse_71_hand, , ,,149
踏花归・头饰 , Horse_56_hand, , ,,145
铁纹鞍具 , Horse_01_belt, , ,,10
银龙鞍具 , Horse_04_belt, , ,,11
银风鞍具 , Horse_05_belt, , ,,23
黑云鞍具 , Horse_05_belt, , ,,24
生皮鞍饰 , Horse_00_belt, , ,,1
生皮鞍饰 , Horse_00_belt, , ,,1
熟化皮鞍饰 , Horse_00_belt, , ,,2
厚皮鞍饰 , Horse_00_belt, , ,,3
耀华鞍饰 , Horse_14_belt, , ,,26
铁皮鞍饰 , Horse_01_belt, , ,,4
硬甲鞍饰 , Horse_01_belt, , ,,5
生铁鞍饰 , Horse_01_belt, , ,,6
云渊鞍饰 , Horse_02_belt, , ,,7
碧海鞍饰 , Horse_02_belt, , ,,8
染血鞍饰 , Horse_02_belt, , ,,9
精铁鞍饰 , Horse_01_belt, , ,,5
银龙鞍具 , Horse_04_belt, , ,,11
暗金鞍饰 , Horse_13_belt, , ,,25
赤尘鞍饰 , Horse_09_belt, , ,,20
精骑鞍饰 , Horse_09_belt, , ,,19
阿湿矩沙鞍饰 , Horse_08_belt, , ,,27
月骐鞍饰 , Horse_07_belt, , ,,15
幽骥鞍饰 , Horse_07_belt, , ,,16
明焕鞍饰 , Horse_07_belt, , ,,17
战魂鞍饰 , Horse_10_belt, , ,,28
黑风鞍饰 , Horse_02_belt, , ,,22
亮翼鞍饰 , Horse_15_belt, , ,,29
铁甲鞍饰 , Horse_25_belt, , ,,30
银蛟鞍饰 , Horse_25_belt, , ,,30
红莲鞍饰 , Horse_12_belt, , ,,31
橙风鞍饰 , Horse_19_belt, , ,,32
踏炎鞍饰 , Horse_27_belt, , ,,33
啸云鞍饰 , Horse_25_belt, , ,,34
魅影鞍饰 , Horse_25_belt, , ,,35
血烟金风鞍饰 , Horse_17_belt, , ,,36
奔雷鞍饰 , Horse_11_belt, , ,,18
黛蓝鞍饰 , Horse_29_belt, , ,,37
凤仪鞍饰 , Horse_31_belt, , ,,38
龙骧鞍饰 , Horse_31_belt, , ,,40
龙威鞍饰 , Horse_31_belt, , ,,39
问天・日鞍饰 , Horse_30_belt, , ,,41
问天・月鞍饰 , Horse_30_belt, , ,,42
问天・星鞍饰 , Horse_30_belt, , ,,43
问天・辰鞍饰 , Horse_30_belt, , ,,44
游旷・朝鞍饰 , Horse_32_belt, , ,,45
游旷・午鞍饰 , Horse_32_belt, , ,,46
游旷・宵鞍饰 , Horse_32_belt, , ,,47
灵谷・珉鞍饰 , Horse_33_belt, , ,,48
灵谷・火鞍饰 , Horse_33_belt, , ,,49
灵谷・银鞍饰 , Horse_33_belt, , ,,50
银蛇鞍饰 , Horse_25_belt, , ,,30
烈鬃・映霞鞍饰 , Horse_34_belt, , ,,51
烈鬃・汇海鞍饰 , Horse_34_belt, , ,,52
烈鬃・凝冰鞍饰 , Horse_34_belt, , ,,53
黛羽・游星鞍饰 , Horse_35_belt, , ,,54
黛羽・戏斗鞍饰 , Horse_35_belt, , ,,55
黛羽・沉浮鞍饰 , Horse_35_belt, , ,,56
金眼枭翼鞍饰 , Horse_36_belt, , ,,57
赤胆龙舌鞍饰 , Horse_36_belt, , ,,58
玄鳞胄・犀甲鞍饰 , Horse_37_belt, , ,,59
玄鳞胄・龙背鞍饰 , Horse_37_belt, , ,,60
玄鳞胄・虎尾鞍饰 , Horse_37_belt, , ,,61
繁结简穗・京花鞍饰 , Horse_38_belt, , ,,62
繁结简穗・携酒鞍饰 , Horse_38_belt, , ,,63
繁结简穗・长风鞍饰 , Horse_38_belt, , ,,64
天湖洗夜・阑珊鞍饰 , Horse_39_belt, , ,,65
天湖洗夜・穹盖鞍饰 , Horse_39_belt, , ,,66
天湖洗夜・清影鞍饰 , Horse_39_belt, , ,,67
银戈游纹・昔影鞍饰 , Horse_40_belt, , ,,68
银戈游纹・日暮鞍饰 , Horse_40_belt, , ,,69
银戈游纹・残霞鞍饰 , Horse_40_belt, , ,,70
披绢携采・浑天鞍饰 , Horse_41_belt, , ,,71
披绢携采・广陆鞍饰 , Horse_41_belt, , ,,72
披绢携采・凝渊鞍饰 , Horse_41_belt, , ,,73
问天・侠鞍饰 , Horse_30_belt, , ,,75
游旷・侠鞍饰 , Horse_32_belt, , ,,74
风行无殇鞍饰 , Horse_42_belt, , ,,76
逆骨藏忠・深壑鞍饰 , Horse_43_belt, , ,,77
逆骨藏忠・幽海鞍饰 , Horse_43_belt, , ,,78
逆骨藏忠・欲炎鞍饰 , Horse_43_belt, , ,,79
八荒凌苍・青冥鞍饰 , Horse_44_belt, , ,,80
八荒凌苍・峥嵘鞍饰 , Horse_44_belt, , ,,81
八荒凌苍・雷霆鞍饰 , Horse_44_belt, , ,,82
姑射乘风・泛歌鞍饰 , Horse_45_belt, , ,,83
姑射乘风・明灭鞍饰 , Horse_45_belt, , ,,84
姑射乘风・轩昂鞍饰 , Horse_45_belt, , ,,85
逐皇逍遥・把酒鞍饰废弃 , Horse_46_belt, , ,,86
逐皇逍遥・流风鞍饰 , Horse_46_belt, , ,,87
逐皇逍遥・锐锋鞍饰 , Horse_46_belt, , ,,88
荆门远渡・大荒鞍饰 , Horse_47_belt, , ,,89
荆门远渡・平野鞍饰 , Horse_47_belt, , ,,90
荆门远渡・八阵鞍饰 , Horse_47_belt, , ,,91
恃风雷・燕山赤月鞍饰 , Horse_48_belt, , ,,92
恃风雷・可横行鞍饰 , Horse_48_belt, , ,,93
恃风雷・随卿侧鞍饰 , Horse_48_belt, , ,,94
意尽归・观虹鞍饰 , Horse_49_belt, , ,,95
意尽归・闻香鞍饰 , Horse_49_belt, , ,,96
意尽归・浮潮鞍饰 , Horse_49_belt, , ,,97
万象森罗・群青鞍饰 , Horse_50_belt, , ,,98
万象森罗・苍黑鞍饰 , Horse_50_belt, , ,,99
万象森罗・黛山鞍饰 , Horse_50_belt, , ,,100
逐皇逍遥・把酒鞍饰 , Horse_46_belt, , ,,86
晗辉・玄昊鞍饰 , Horse_52_belt, , ,,101
晗辉・碧天鞍饰 , Horse_52_belt, , ,,102
晗辉・赤焰鞍饰 , Horse_52_belt, , ,,103
蛟鳞・吹尘鞍饰 , Horse_54_belt, , ,,104
蛟鳞・跃海鞍饰 , Horse_54_belt, , ,,105
蛟鳞・血浪鞍饰 , Horse_54_belt, , ,,106
载雷织鸣・震鞍饰 , Horse_51_belt, , ,,107
载雷织鸣・逝鞍饰 , Horse_51_belt, , ,,108
载雷织鸣・宿鞍饰 , Horse_51_belt, , ,,109
覆雨翻云・焚香渡鞍饰 , Horse_53_belt, , ,,110
覆雨翻云・冻西风鞍饰 , Horse_53_belt, , ,,111
覆雨翻云・青帘幕鞍饰 , Horse_53_belt, , ,,112
影流森・负风鞍饰 , Horse_55_belt, , ,,113
影流森・枣烟鞍饰 , Horse_55_belt, , ,,114
影流森・灰灭鞍饰 , Horse_55_belt, , ,,115
九皋觅光・虹翼鞍饰 , Horse_56_belt, , ,,116
九皋觅光・载雪鞍饰 , Horse_56_belt, , ,,117
九皋觅光・穿林鞍饰 , Horse_56_belt, , ,,118
江海渡川・落日鞍饰 , Horse_57_belt, , ,,119
江海渡川・雪海鞍饰 , Horse_57_belt, , ,,120
江海渡川・风夜鞍饰 , Horse_57_belt, , ,,121
苍魔・为别鞍饰 , Horse_58_belt, , ,,122
苍魔・寒鸣鞍饰 , Horse_58_belt, , ,,123
苍魔・沉彩鞍饰 , Horse_58_belt, , ,,124
潜容・月烨鞍饰 , Horse_59_belt, , ,,125
潜容・怅散鞍饰 , Horse_59_belt, , ,,126
潜容・青池鞍饰 , Horse_59_belt, , ,,127
千秋飒踏・鞍饰 , Horse_61_belt, , ,,128
横云意・熙庭鞍饰 , Horse_60_belt, , ,,129
横云意・袖荫鞍饰 , Horse_60_belt, , ,,130
横云意・燕川鞍饰 , Horse_60_belt, , ,,131
星流飞影・凝朔鞍饰 , Horse_62_belt, , ,,132
星流飞影・撷星鞍饰 , Horse_62_belt, , ,,133
星流飞影・走龙鞍饰 , Horse_62_belt, , ,,134
步流光・露华・鞍饰 , Horse_63_belt, , ,,135
步流光・探春・鞍饰 , Horse_63_belt, , ,,136
步流光・催雪・鞍饰 , Horse_63_belt, , ,,137
惊风玄梦・思弦・鞍饰 , Horse_64_belt, , ,,138
惊风玄梦・湘远・鞍饰 , Horse_64_belt, , ,,139
惊风玄梦・茗桓・鞍饰 , Horse_64_belt, , ,,140
御风游・尺寒・鞍饰 , Horse_65_belt, , ,,141
御风游・苍舟・鞍饰 , Horse_65_belt, , ,,142
御风游・泽晖・鞍饰 , Horse_65_belt, , ,,143
飞星飒沓・鞍饰 , Horse_68_belt, , ,,144
千骑踏尘・鞍饰 , Horse_67_belt, , ,,146
银鞍玄采・鞍饰 , Horse_66_belt, , ,,147
红梅悬芳・鞍饰 , Horse_70_belt, , ,,148
流徽玄枝・鞍饰 , Horse_71_belt, , ,,149
踏花归・鞍饰 , Horse_56_belt, , ,,145
铁纹蹄铁 , Horse_01_leg, , ,,10
银龙蹄铁 , Horse_04_leg, , ,,11
银风蹄铁 , Horse_05_leg, , ,,23
黑云蹄铁 , Horse_05_leg, , ,,24
生皮足饰 , Horse_00_leg, , ,,1
生皮足饰 , Horse_00_leg, , ,,1
熟化皮足饰 , Horse_00_leg, , ,,2
厚皮足饰 , Horse_00_leg, , ,,3
耀华足饰 , Horse_14_leg, , ,,26
铁皮足饰 , Horse_01_leg, , ,,4
硬甲足饰 , Horse_01_leg, , ,,5
生铁足饰 , Horse_01_leg, , ,,6
云渊足饰 , Horse_02_leg, , ,,7
碧海足饰 , Horse_02_leg, , ,,8
染血足饰 , Horse_02_leg, , ,,9
精铁足饰 , Horse_01_leg, , ,,5
银龙蹄铁 , Horse_04_leg, , ,,11
暗金足饰 , Horse_13_leg, , ,,25
赤尘足饰 , Horse_09_leg, , ,,20
精骑足饰 , Horse_09_leg, , ,,19
阿湿矩沙足饰 , Horse_08_leg, , ,,27
月骐足饰 , Horse_07_leg, , ,,15
幽骥足饰 , Horse_07_leg, , ,,16
明焕足饰 , Horse_07_leg, , ,,17
战魂足饰 , Horse_10_leg, , ,,28
黑风足饰 , Horse_02_leg, , ,,22
亮翼足饰 , Horse_15_leg, , ,,29
铁甲足饰 , Horse_25_leg, , ,,30
银蛟足饰 , Horse_25_leg, , ,,30
红莲足饰 , Horse_12_leg, , ,,31
橙风足饰 , Horse_19_leg, , ,,32
踏炎足饰 , Horse_27_leg, , ,,33
啸云足饰 , Horse_25_leg, , ,,34
魅影足饰 , Horse_25_leg, , ,,35
血烟金风足饰 , Horse_17_leg, , ,,36
奔雷足饰 , Horse_11_leg, , ,,18
黛蓝足饰 , Horse_29_leg, , ,,37
凤仪足饰 , Horse_31_leg, , ,,38
龙骧足饰 , Horse_31_leg, , ,,40
龙威足饰 , Horse_31_leg, , ,,39
问天・日足饰 , Horse_30_leg, , ,,41
问天・月足饰 , Horse_30_leg, , ,,42
问天・星足饰 , Horse_30_leg, , ,,43
问天・辰足饰 , Horse_30_leg, , ,,44
游旷・朝足饰 , Horse_32_leg, , ,,45
游旷・午足饰 , Horse_32_leg, , ,,46
游旷・宵足饰 , Horse_32_leg, , ,,47
灵谷・珉足饰 , Horse_33_leg, , ,,48
灵谷・火足饰 , Horse_33_leg, , ,,49
灵谷・银足饰 , Horse_33_leg, , ,,50
银蛇足饰 , Horse_25_leg, , ,,30
烈鬃・映霞足饰 , Horse_34_leg, , ,,51
烈鬃・汇海足饰 , Horse_34_leg, , ,,52
烈鬃・凝冰足饰 , Horse_34_leg, , ,,53
黛羽・游星足饰 , Horse_35_leg, , ,,54
黛羽・戏斗足饰 , Horse_35_leg, , ,,55
黛羽・沉浮足饰 , Horse_35_leg, , ,,56
金眼枭翼足饰 , Horse_36_leg, , ,,57
赤胆龙舌足饰 , Horse_36_leg, , ,,58
玄鳞胄・犀甲足饰 , Horse_37_leg, , ,,59
玄鳞胄・龙背足饰 , Horse_37_leg, , ,,60
玄鳞胄・虎尾足饰 , Horse_37_leg, , ,,61
繁结简穗・京花足饰 , Horse_38_leg, , ,,62
繁结简穗・携酒足饰 , Horse_38_leg, , ,,63
繁结简穗・长风足饰 , Horse_38_leg, , ,,64
天湖洗夜・阑珊足饰 , Horse_39_leg, , ,,65
天湖洗夜・穹盖足饰 , Horse_39_leg, , ,,66
天湖洗夜・清影足饰 , Horse_39_leg, , ,,67
银戈游纹・昔影足饰 , Horse_40_leg, , ,,68
银戈游纹・日暮足饰 , Horse_40_leg, , ,,69
银戈游纹・残霞足饰 , Horse_40_leg, , ,,70
披绢携采・浑天足饰 , Horse_41_leg, , ,,71
披绢携采・广陆足饰 , Horse_41_leg, , ,,72
披绢携采・凝渊足饰 , Horse_41_leg, , ,,73
问天・侠足饰 , Horse_30_leg, , ,,75
游旷・侠足饰 , Horse_32_leg, , ,,74
风行无殇足饰 , Horse_42_leg, , ,,76
逆骨藏忠・深壑足饰 , Horse_43_leg, , ,,77
逆骨藏忠・幽海足饰 , Horse_43_leg, , ,,78
逆骨藏忠・欲炎足饰 , Horse_43_leg, , ,,79
八荒凌苍・青冥足饰 , Horse_44_leg, , ,,80
八荒凌苍・峥嵘足饰 , Horse_44_leg, , ,,81
八荒凌苍・雷霆足饰 , Horse_44_leg, , ,,82
姑射乘风・泛歌足饰 , Horse_45_leg, , ,,83
姑射乘风・明灭足饰 , Horse_45_leg, , ,,84
姑射乘风・轩昂足饰 , Horse_45_leg, , ,,85
逐皇逍遥・把酒足饰废弃 , Horse_46_leg, , ,,86
逐皇逍遥・流风足饰 , Horse_46_leg, , ,,87
逐皇逍遥・锐锋足饰 , Horse_46_leg, , ,,88
荆门远渡・大荒足饰 , Horse_47_leg, , ,,89
荆门远渡・平野足饰 , Horse_47_leg, , ,,90
荆门远渡・八阵足饰 , Horse_47_leg, , ,,91
恃风雷・燕山赤月足饰 , Horse_48_leg, , ,,92
恃风雷・可横行足饰 , Horse_48_leg, , ,,93
恃风雷・随卿侧足饰 , Horse_48_leg, , ,,94
意尽归・观虹足饰 , Horse_49_leg, , ,,95
意尽归・闻香足饰 , Horse_49_leg, , ,,96
意尽归・浮潮足饰 , Horse_49_leg, , ,,97
万象森罗・群青足饰 , Horse_50_leg, , ,,98
万象森罗・苍黑足饰 , Horse_50_leg, , ,,99
万象森罗・黛山足饰 , Horse_50_leg, , ,,100
逐皇逍遥・把酒足饰 , Horse_46_leg, , ,,86
晗辉・玄昊足饰 , Horse_52_leg, , ,,101
晗辉・碧天足饰 , Horse_52_leg, , ,,102
晗辉・赤焰足饰 , Horse_52_leg, , ,,103
蛟鳞・吹尘足饰 , Horse_54_leg, , ,,104
蛟鳞・跃海足饰 , Horse_54_leg, , ,,105
蛟鳞・血浪足饰 , Horse_54_leg, , ,,106
载雷织鸣・震足饰 , Horse_51_leg, , ,,107
载雷织鸣・逝足饰 , Horse_51_leg, , ,,108
载雷织鸣・宿足饰 , Horse_51_leg, , ,,109
覆雨翻云・焚香渡足饰 , Horse_53_leg, , ,,110
覆雨翻云・冻西风足饰 , Horse_53_leg, , ,,111
覆雨翻云・青帘幕足饰 , Horse_53_leg, , ,,112
影流森・负风足饰 , Horse_55_leg, , ,,113
影流森・枣烟足饰 , Horse_55_leg, , ,,114
影流森・灰灭足饰 , Horse_55_leg, , ,,115
九皋觅光・虹翼足饰 , Horse_56_leg, , ,,116
九皋觅光・载雪足饰 , Horse_56_leg, , ,,117
九皋觅光・穿林足饰 , Horse_56_leg, , ,,118
江海渡川・落日足饰 , Horse_57_leg, , ,,119
江海渡川・雪海足饰 , Horse_57_leg, , ,,120
江海渡川・风夜足饰 , Horse_57_leg, , ,,121
苍魔・为别足饰 , Horse_58_leg, , ,,122
苍魔・寒鸣足饰 , Horse_58_leg, , ,,123
苍魔・沉彩足饰 , Horse_58_leg, , ,,124
潜容・月烨足饰 , Horse_59_leg, , ,,125
潜容・怅散足饰 , Horse_59_leg, , ,,126
潜容・青池足饰 , Horse_59_leg, , ,,127
千秋飒踏・足饰 , Horse_61_leg, , ,,128
横云意・熙庭足饰 , Horse_60_leg, , ,,129
横云意・袖荫足饰 , Horse_60_leg, , ,,130
横云意・燕川足饰 , Horse_60_leg, , ,,131
星流飞影・凝朔足饰 , Horse_62_leg, , ,,132
星流飞影・撷星足饰 , Horse_62_leg, , ,,133
星流飞影・走龙足饰 , Horse_62_leg, , ,,134
步流光・露华・足饰 , Horse_63_leg, , ,,135
步流光・探春・足饰 , Horse_63_leg, , ,,136
步流光・催雪・足饰 , Horse_63_leg, , ,,137
惊风玄梦・思弦・足饰 , Horse_64_leg, , ,,138
惊风玄梦・湘远・足饰 , Horse_64_leg, , ,,139
惊风玄梦・茗桓・足饰 , Horse_64_leg, , ,,140
御风游・尺寒・足饰 , Horse_65_leg, , ,,141
御风游・苍舟・足饰 , Horse_65_leg, , ,,142
御风游・泽晖・足饰 , Horse_65_leg, , ,,143
飞星飒沓・足饰 , Horse_68_leg, , ,,144
千骑踏尘・足饰 , Horse_67_leg, , ,,146
银鞍玄采・足饰 , Horse_66_leg, , ,,147
红梅悬芳・足饰 , Horse_70_leg, , ,,148
流徽玄枝・足饰 , Horse_71_leg, , ,,149
踏花归・足饰 , Horse_56_leg, , ,,145
厢妆挂饰 , Horse_05_tag03, , ,,2
英雄聚义旗 , Horse_tag_001, , ,,3
英雄结义旗 , Horse_tag001b, , ,,4
赤金挂饰 , Horse_03_tag02, , ,,1
苍剑赤旗 , Horse_04_tag02, , ,,5
金蛇鼓舞 , Horse_tag_003_body, , ,,6
百宝箱 , Horse_00_tag03, , ,,7
嵌银纹红 , Horse_00_tag02, , ,,8
西山秘宝・魁首 , horse_tag_004, , ,,9
乐游不倦 , Horse_05_tag01, , ,,10
畅行天下 , Horse_03_tag03, , ,,11
桑蓝鎏金匣 , horse_tag_005, , ,,12
酒囊饭袋的至爱 , Horse_04_tag01, , ,,13
林间行者 , Horse_02_tag01, , ,,14
大漠荒刀 , Horse_tag_006, , ,,15
尽江河・日 , Horse_tag_002, , ,,16
尽江河・月 , Horse_tag_002, , ,,17
尽江河・星 , Horse_tag_002, , ,,18
尽江河・辰 , Horse_tag_002, , ,,19
乐府行・清商 , Horse_tag_007, , ,,20
乐府行・相和 , Horse_tag_007, , ,,21
乐府行・鼓吹 , Horse_tag_007, , ,,22
惜暮・山 , Horse_tag_008, , ,,23
惜暮・川 , Horse_tag_008, , ,,24
惜暮・野 , Horse_tag_008, , ,,25
一点星・映霞 , Horse_tag_009, , ,,26
一点星・汇海 , Horse_tag_009, , ,,27
一点星・凝冰 , Horse_tag_009, , ,,28
翎之华・游星 , Horse_tag_010, , ,,29
翎之华・戏斗 , Horse_tag_010, , ,,30
翎之华・沉浮 , Horse_tag_010, , ,,31
白皑三童・重义 , Horse_tag_011, , ,,32
白皑三童・焚情 , Horse_tag_011, , ,,33
残笠盈花・犀甲 , Horse_tag_012, , ,,34
残笠盈花・龙背 , Horse_tag_012, , ,,35
残笠盈花・虎尾 , Horse_tag_012, , ,,36
细雨斜风・京花 , Horse_tag_013, , ,,37
细雨斜风・携酒 , Horse_tag_013, , ,,38
细雨斜风・长风 , Horse_tag_013, , ,,39
寿曲仙歌・阑珊 , Horse_tag_014, , ,,40
寿曲仙歌・穹盖 , Horse_tag_014, , ,,41
寿曲仙歌・清影 , Horse_tag_014, , ,,42
无定三剑・昔影 , Horse_tag_015, , ,,43
无定三剑・日暮 , Horse_tag_015, , ,,44
无定三剑・残霞 , Horse_tag_015, , ,,45
瓷香令・浑天 , Horse_tag_016, , ,,46
瓷香令・广陆 , Horse_tag_016, , ,,47
瓷香令・凝渊 , Horse_tag_016, , ,,48
罚恶八针 , Horse_tag_017, , ,,49
小寄东风・深壑 , Horse_tag_019, , ,,50
小寄东风・幽海 , Horse_tag_019, , ,,51
小寄东风・欲炎 , Horse_tag_019, , ,,52
沓风行・青冥 , Horse_tag_020, , ,,53
沓风行・峥嵘 , Horse_tag_020, , ,,54
沓风行・雷霆 , Horse_tag_020, , ,,55
踏雪饶霜・泛歌 , Horse_tag_021, , ,,56
踏雪饶霜・明灭 , Horse_tag_021, , ,,57
踏雪饶霜・轩昂 , Horse_tag_021, , ,,58
公侯伯仲・把酒 , Horse_tag_022, , ,,59
公侯伯仲・流风 , Horse_tag_022, , ,,60
公侯伯仲・锐锋 , Horse_tag_022, , ,,61
五湖功成・大荒 , Horse_tag_023, , ,,62
五湖功成・平野 , Horse_tag_023, , ,,63
五湖功成・八阵 , Horse_tag_023, , ,,64
恃风雷・燕山赤月 , Horse_tag_024, , ,,65
恃风雷・可横行 , Horse_tag_024, , ,,66
恃风雷・随卿侧 , Horse_tag_024, , ,,67
意尽归・观虹 , Horse_tag_025, , ,,68
意尽归・闻香 , Horse_tag_025, , ,,69
意尽归・浮潮 , Horse_tag_025, , ,,70
万象森罗・群青 , Horse_tag_026, , ,,71
万象森罗・苍黑 , Horse_tag_026, , ,,72
万象森罗・黛山 , Horse_tag_026, , ,,73
晗辉・玄昊 , Horse_tag_028, , ,,74
晗辉・碧天 , Horse_tag_028, , ,,75
晗辉・赤焰 , Horse_tag_028, , ,,76
蛟鳞・吹尘 , Horse_tag_030, , ,,77
蛟鳞・跃海 , Horse_tag_030, , ,,78
蛟鳞・血浪 , Horse_tag_030, , ,,79
载雷织鸣・震 , Horse_tag_027, , ,,80
载雷织鸣・逝 , Horse_tag_027, , ,,81
载雷织鸣・宿 , Horse_tag_027, , ,,82
覆雨翻云・焚香渡 , Horse_tag_029, , ,,83
覆雨翻云・冻西风 , Horse_tag_029, , ,,84
覆雨翻云・青帘幕 , Horse_tag_029, , ,,85
影流森・负风 , Horse_tag_031, , ,,86
影流森・枣烟 , Horse_tag_031, , ,,87
影流森・灰灭 , Horse_tag_031, , ,,88
九皋觅光・虹翼 , Horse_tag_032, , ,,89
九皋觅光・载雪 , Horse_tag_032, , ,,90
九皋觅光・穿林 , Horse_tag_032, , ,,91
江海渡川・落日 , Horse_tag_033, , ,,92
江海渡川・雪海 , Horse_tag_033, , ,,93
江海渡川・风夜 , Horse_tag_033, , ,,94
苍魔・为别 , Horse_tag_034, , ,,95
苍魔・寒鸣 , Horse_tag_034, , ,,96
苍魔・沉彩 , Horse_tag_034, , ,,97
潜容・月烨 , Horse_tag_035, , ,,98
潜容・怅散 , Horse_tag_035, , ,,99
潜容・青池 , Horse_tag_035, , ,,100
千秋飒踏 , Horse_tag_037, , ,,101
横云意・熙庭 , Horse_tag_036, , ,,102
横云意・袖荫 , Horse_tag_036, , ,,103
横云意・燕川 , Horse_tag_036, , ,,104
星流飞影・凝朔 , Horse_62_tag, , ,,105
星流飞影・撷星 , Horse_62_tag, , ,,106
星流飞影・走龙 , Horse_62_tag, , ,,107
步流光・露华 , Horse_63_tag, , ,,108
步流光・探春 , Horse_63_tag, , ,,109
步流光・催雪 , Horse_63_tag, , ,,110
惊风玄梦・思弦 , Horse_64_tag, , ,,111
惊风玄梦・湘远 , Horse_64_tag, , ,,112
惊风玄梦・茗桓 , Horse_64_tag, , ,,113
御风游・尺寒 , Horse_65_tag, , ,,114
御风游・苍舟 , Horse_65_tag, , ,,115
御风游・泽晖 , Horse_65_tag, , ,,116
飞星飒沓 , Horse_68_tag, , ,,117
红梅悬芳・马饰 , Horse_70_tag, , ,,118
流徽玄枝・马饰 , Horse_71_tag, , ,,119
挂宠・滚滚 , A127, , , ,1
挂宠・辰昊 , A081008, , , ,2
挂宠・闹闹 , A134c, , , ,3
挂宠・团团 , A134b, , , ,4
挂宠・肉肉 , A134, , , ,5
挂宠・丸子 , A136, , , ,6
挂宠・萌萌 , A136b, , , ,7
挂宠・橘胖 , A136c, , , ,8
弦月 , A157, , , ,10
琉云 , A157a, , , ,11
雪絮 , A157b, , , ,12
挂宠・执夷 , A183a, , , ,32
挂宠・斩浪 , A183b, , , ,33
挂宠・舞铃 , A183c, , , ,34
